date;product;platform;text
2025-11-30 15:59:22.456961;КИОН;ANDROID;Не те фильмы и сериалы 
2025-11-28 19:57:37.267498;КИОН;ANDROID;Навязывание всяких опросов
2025-11-18 11:57:05.569637;КИОН;ANDROID;"Недьзя 
свернуть"
2025-11-23 05:56:30.437893;КИОН;IOS;Когда смотришь с телефона, через несколько минут требует фейс айди
2025-11-17 20:00:34.470556;КИОН;ANDROID;Трафик улетает с тройной скоростью
2025-11-18 21:58:19.307409;КИОН;IOS;Список доступных фильмов+ стоимость, навигация не удобная, приходится постоянно включать поворот экрана, в Ютубе например, с этим все проще
2025-11-21 06:48:43.105372;КИОН;ANDROID;Программа телепередач не совподает с транслируемыми каналами
2025-11-23 13:03:30.341661;КИОН;IOS;Опять зависают программыTV (особенно НТВ),так уже было,потом исправили,теперь опять
2025-11-24 22:59:01.707494;КИОН;ANDROID;Маленькая коллекция фильмов хороших. Подписка внутри подписки бред. 
2025-11-30 05:20:20.572206;КИОН;IOS;Не могу убрать карту. Приложением не пользуюсь . Деньги списываются 
2025-11-25 09:41:49.676342;КИОН;IOS;Нет  сети. 
2025-11-30 16:33:23.849499;КИОН;IOS;Не пользуюсь а списывает без предупреждения 
2025-11-20 17:00:11.936865;КИОН;IOS;Прилипала. Невозможно отписаться
2025-11-29 16:58:50.586023;КИОН;ANDROID;Ничего!
2025-11-30 00:01:38.909343;КИОН;ANDROID;"Раньше когда я подключил премиум кино был безлимит сейчас доплачиваю и то не хватает ""безлимит"", какой безлимит если есть ограниченья? "
2025-11-21 11:59:15.164700;КИОН;ANDROID;С подпиской и вы задолбали своими рекламами прерывание эфир на ваши оекламы
2025-11-30 00:52:13.424022;КИОН;IOS;Нет интернета 
2025-11-20 05:49:16.443600;КИОН;IOS;Реклама, появляющаяся поверх каналов, не приветствуется.
2025-12-01 00:46:52.166415;КИОН;IOS;Мало фильмов 
2025-11-21 12:44:41.082207;КИОН;IOS;Мало фильмов и сериалов которые я смотрю 
2025-11-20 12:33:15.148388;КИОН;IOS;Периодически не грузит тв каналы. Впн не роль дуюсь интернет хороший 
2025-11-28 10:53:54.987846;КИОН;IOS;На телевизоре приложение не работает
2025-11-18 07:48:38.241207;КИОН;ANDROID;"Непонятный тариф подключения. 
Тариф подключ?н, а что бы  посмотреть фильм, надо подключить другой тариф. 
     
"
2025-11-20 19:53:24.630278;КИОН;ANDROID;Баги мобильного приложения, при смене ориентации зависает и требует повторный старт
2025-11-15 16:52:34.447396;КИОН;IOS;Приложение не работает на телевизоре
2025-11-19 16:47:16.100310;КИОН;IOS;На телефоне работает идеально,а вот на телевизоре ни один фильм не воспроизводится. Если у вас ограничения на работу приложения на территории Крыма ( хотя это тоже Россия) - надо хотя бы мелким шрифтом об этом писать- что не на каждом телевизоре он будет работать. А так- нареканий нет. Широкий выбор ,отличное качество 
2025-11-14 18:57:22.510162;КИОН;ANDROID;Не работает в Республике Крым
2025-11-25 06:47:16.974505;КИОН;ANDROID;Нет региональных каналов нашего города.
2025-11-20 07:56:08.509857;КИОН;ANDROID;"Приложение часто вылетает из аккаунта, что на телефоне, что на телевизоре. 
Убрали каналы ""вижу""
"
2025-11-15 14:56:55.343975;КИОН;ANDROID;Поддержка при проблемах это позор
2025-11-18 08:54:25.054830;КИОН;ANDROID;Реклама в приложении жутко тормозит работу самого приложения.
2025-11-25 19:03:45.424151;КИОН;ANDROID;Безлимит не работает
2025-11-27 22:07:53.536107;КИОН;ANDROID;Дожили. 20 Гб за один вечер, чтобы посмотреть НТВ. Как так. Совсем берегов не видите. Совсем заелись. 
2025-11-15 19:57:47.235059;КИОН;ANDROID;При покупке премиум не все каналы доступны.
2025-11-19 14:49:03.516010;КИОН;IOS;Абсолютная невозможность управлять подпиской. Кнопка отписка не активна! Жмешь ничего не меняется. Чтобы отписаться - нужно пройти 300 кругов Ада 
2025-11-15 09:54:13.265084;КИОН;ANDROID;Мало триллеров стран Великобритании, Скандинавии, Испании в бесплатной  подписке
2025-11-21 11:56:58.035001;КИОН;ANDROID;Список доступных каналов, нет даже стандартного доступного списка. Навязчивая реклама. 
2025-11-17 05:49:31.395111;КИОН;ANDROID;"Когда сворачиваешь приложение не открывается маленькое  окно 

"
2025-11-16 12:59:23.765528;КИОН;ANDROID;Не интересно 
2025-11-26 23:37:47.482377;КИОН;IOS;Списываются деньги не понятно зачем
2025-11-17 00:59:06.054611;КИОН;IOS;нет нориального приложения для макбук
2025-11-28 13:00:35.028344;КИОН;ANDROID;Мало новых фильмов и сериалов
2025-11-14 17:58:48.789584;КИОН;ANDROID;Приложение выглядит максимально несовременно. Очень плохо. А версия для ВебОС просто хр.ново работает.
2025-11-24 15:57:08.368255;КИОН;IOS;Проблемы с оплатой подписки , нельзя выбрать какой картой будет проводить оплату 
2025-11-25 19:02:44.252550;КИОН;ANDROID;Слишком много рекламы сервисов Кион
2025-11-20 11:55:03.426115;КИОН;IOS;Удержание дс
2025-11-22 21:57:38.777354;КИОН;IOS;Не удобное меню 
2025-11-24 07:57:58.912136;КИОН;ANDROID;Несколько факторов указанных в вашем списке это первый и третий 
2025-11-30 21:58:42.149531;КИОН;ANDROID;Не работает поиск нужного фильма
2025-11-29 15:56:19.846365;КИОН;ANDROID;"Продолжение просмотра на телевизоре иногда не запускается.
Просмотры сериалов иногда не учитываются в призах.
Приложение потребляет больше ресурсов, чем приложения других онлайн кинотеатров - из-за этого фризит иногда."
2025-11-19 16:00:14.888836;КИОН;ANDROID;Нельзя скачивать на карту памяти
2025-11-18 14:42:08.644684;КИОН;IOS;Невозможно смотреть многие фильмы на новых территориях Российской Федерации 
2025-11-22 23:01:02.422903;КИОН;ANDROID;Не достаточно фильмов, почему то нет Невского, Метод( с Хабенским и др.
2025-11-14 09:45:00.323174;КИОН;ANDROID;То, что интересно, в по подписке.В последнее время выбор скудный.Я бы хотела видеть поиск более  понятный.  Фильмы по странам, выбор по режиссеру. Пока разберешься. 
2025-11-24 01:57:44.901719;КИОН;ANDROID;Уже второй месяц подряд приложение работает от силы 5 дней потом не работает ? вы только деньги получаете
2025-11-17 20:45:40.474831;КИОН;IOS;не работает с впн, а это важно потому что в РФ глушат связь и ты просто так тратишь такие деньги за подписку 
2025-11-23 06:59:32.413378;КИОН;IOS;Уже больше 1 месяца не работает кион на телевизоре! Я писала в поддержку и мне сказали, что они нашли проблему, но не знаю как её решить! ужасный сервис 
2025-11-29 01:57:02.191786;КИОН;ANDROID;Хуета
2025-11-30 16:00:28.896299;КИОН;ANDROID;Большой расход ГБ.
2025-11-17 15:49:52.625363;КИОН;IOS;Периодически исчезает звук
2025-11-20 17:00:09.307873;КИОН;ANDROID;Рекламы сторонние 
2025-11-14 09:24:03.567546;КИОН;IOS;Нестабильная работа приложения, постоянно висит, не работает 
2025-11-19 08:31:33.449593;КИОН;IOS;Я отключала подписку!!! Почему деньги сейчас списались! 
2025-11-26 06:47:20.955399;КИОН;ANDROID;Не работает
2025-11-21 18:58:02.318632;КИОН;ANDROID;Да просто мне это не надо.
2025-11-20 15:56:10.488235;КИОН;ANDROID;Проблемы с воспроизведением, ограничен список фильмов, проблемы ВК видео и рутуб
2025-10-21 06:29:53.071131;КИОН;IOS;Все выше перечисление а также невозможность отключить подписку
2025-10-25 06:59:18.535725;КИОН;ANDROID;Невозможно выйти с фильма на главную
2025-10-31 12:56:16.074434;КИОН;ANDROID;Плохо работает программа достижений.Не обновляется,не учитывается...Приходится постоянно обращаться в поддержку
2025-10-06 18:58:38.394780;КИОН;ANDROID;"Бесит долгая заставка реклама и долгие переходы и нахер не нужные бонусы какие-то 
"
2025-10-27 23:54:00.642841;КИОН;IOS;Я хочу загрузить видео но показывает что нет памяти хотя там нет видео
2025-10-08 21:57:38.312403;КИОН;ANDROID;Нет фонового режима
2025-10-05 22:51:25.603911;КИОН;IOS;На телевизоре не дает смотреть, все тормозит и не грузит , через 10-15 минут после начала просто выкидывает из приложения 
2025-10-10 04:01:10.461249;КИОН;IOS;высокая стоимость подписки и отсутствие таймера авто выключения во время просмотра
2025-10-07 09:28:24.766007;КИОН;IOS;Существуют гораздо более удобные приложения(
2025-10-29 21:58:42.724740;КИОН;IOS;Не всё можно смотреть по подписке 
2025-10-05 06:41:41.697364;КИОН;IOS;Реклама
2025-10-11 10:59:39.759845;КИОН;ANDROID;РЕКЛАМА КОТОРАЯ НЕ НА В-КАНАЛЕ, А ПРИЛОЖЕНИЯ, ОРЁТ, ТОРМОЗИТ, ВИСНЕТ
2025-10-15 11:01:38.854747;КИОН;IOS;Не сохраняется настройка качества видеопотока. Реклама на старте двойная! Короткая задержка для прочтения аннотации перед запуском трейлера в шапке . И вообще хорошо было бы запустить трейлер кнопкой, а не автоматически.
2025-10-01 21:52:16.068361;КИОН;IOS;Начинаешь смотреть сериал а он через какое-то время пропадает из папки «продолжить просмотр» и приходится его искать. Один сериал серию посмотрела, забыла как называется, так до сих пор его больше и не вижу в приложении
2025-10-28 23:00:57.448119;КИОН;ANDROID;Нет оригинальной озвучки у зарубежных фильмов
2025-10-14 18:45:28.518998;КИОН;IOS;Неудобный видеоплеер, высока стоимость, список доступного контента.  
2025-10-15 00:59:09.074323;КИОН;IOS;Не хватает мульт сериалов по типу «симпсоны» или «гриффины»
2025-10-22 14:00:45.809282;КИОН;ANDROID;"Хотелось бы вручную выбирать качество видео при просмотре телеканалов: 1080; 720; 576; 480;  360"
2025-10-24 23:47:23.007911;КИОН;IOS;Не переключает нормально серии, приходится перезапускать
2025-10-03 14:56:08.102723;КИОН;IOS;Контент фильмов оставляет  желать лучшего, не обновляется  совсем , перешел на око, больше фильмов и сериалов 
2025-10-05 02:00:22.589410;КИОН;ANDROID;Я не даю советов
2025-10-20 09:59:07.958696;КИОН;ANDROID;Быстро кончаются деньги
2025-10-23 05:51:38.813164;КИОН;ANDROID;"Подписка дорогая, сериалы сокращ?нные обрезаные, интересного не чего нет, старь? одно и то сокращ?нное. 

"
2025-10-22 13:58:32.724826;КИОН;ANDROID;Много съедает интернета, даже при качестве 240
2025-10-18 23:00:30.626612;КИОН;ANDROID; рекламу не только на каналах, но и еще вставляете, за...бало
2025-10-14 03:03:11.926416;КИОН;IOS;отсутствие субтитров!!!
2025-10-07 06:29:14.290429;КИОН;IOS;При поиске каналов приложение постоянно возвращает к изначально выбранному 
2025-10-15 19:00:40.979745;КИОН;ANDROID;У каждого свое мнение. 
2025-10-07 18:49:30.214120;КИОН;IOS;П.2 и П.4
2025-10-16 15:59:48.168691;КИОН;ANDROID;Реклама 
2025-10-29 18:56:20.316756;КИОН;IOS;Неудобный интерфейс когда включается кино 
2025-10-26 11:52:03.580507;КИОН;IOS;Нет перемотки на 10, 20, 30 секунд 
2025-10-28 14:58:30.727178;КИОН;IOS;Все нравится 
2025-10-31 15:44:19.755698;КИОН;IOS;Можно скачать фильмы и сериалы, но без интернета невозможно войти в приложение чтобы их смотреть 
2025-10-20 16:59:46.282932;КИОН;ANDROID;Подписка сразу прекращает свое действие после отключения, хотя еще остается время оплачиваемого периода
2025-10-20 23:42:12.866960;КИОН;IOS;Невозможно отменить подписку
2025-10-09 17:57:21.651375;КИОН;IOS;не дает отменить подписку
2025-10-27 09:59:45.472179;КИОН;ANDROID;Все на Мегафоне
2025-10-05 08:54:07.746183;КИОН;ANDROID;Много технических недоработок. Приложение само зависает, не держит формат экрана
2025-10-30 23:59:06.923880;КИОН;ANDROID;"Нельзя свернуть в маленький экран и работать с другими приложениями одновременно с просмотром. Другими словами нет функции картинка в картинке 
 "
2025-10-27 11:00:51.775969;КИОН;IOS;"Проблемы со скоростью и качеством?????
Эти проблемы связанны с оператором?????
"
2025-10-18 23:00:43.016770;КИОН;ANDROID;Непонятно когда просит оформить подписку, а она оформленная . но фильм не удаётся посмотреть
2025-10-13 14:57:30.731997;КИОН;ANDROID;Не запускается в режиме плавающего окна.
2025-10-17 03:56:30.333448;КИОН;IOS;Ошибка потока, приложение не работает.  К тому же очень неудобное, например добавить канал в любимые через  дальнее меня, а не сразу во время просмотра
2025-10-23 10:01:03.215952;КИОН;ANDROID;Мало действительно хороших фильмов.
2025-10-09 05:46:42.205926;КИОН;ANDROID;Нет фонового режима
2025-10-02 08:19:44.805660;КИОН;ANDROID;неудобный формат 
2025-10-25 21:58:54.408208;КИОН;IOS;Платная подписка
2025-10-13 02:57:38.289033;КИОН;IOS;Неудобства в работе. Составляли люди, которые мало пользуются приложением. 
2025-10-23 16:53:24.038602;КИОН;IOS;Не успеваю выбрать канал тв, он переходит к началу списка
2025-10-26 05:49:44.833390;КИОН;ANDROID;За такие деньги, еще и по подписке покупать.
2025-10-17 09:55:01.818504;КИОН;ANDROID;Потребляет трафик, тормозит, мало фантастики, много отдельно платного контента! 
2025-10-27 05:44:05.372774;КИОН;IOS;Проблема а оплатой ( не могу пользоваться из-за этого приложением) 
2025-10-14 21:49:44.059878;КИОН;ANDROID;Мтс снимаю  трафик  Мало  фильмом 
2025-10-07 08:51:30.051531;КИОН;IOS;Репертуар небольшой
2025-10-02 14:51:03.801861;КИОН;IOS;неудобное приложение, все еще не понимаю как перематывать видео на 10сек в перед
2025-10-25 11:56:56.150394;КИОН;ANDROID;Смотришь фильм полностью из списка достижений на медальки, а он не зашитывает. Мало выбора!
2025-10-11 08:51:31.975210;КИОН;IOS;"Очень маленький список фильмов сериалов доступно 
Не доступен разворот экрана только у стоячем положении должен быть, отвратно "
2025-10-03 18:48:08.519517;КИОН;IOS;С мтс теперь невозможно подключить подписку по промокоду потому что уже всегда есть подписка от МТС но в нее ничего не входит практически!!! 
2025-10-08 14:58:11.367529;КИОН;ANDROID;Мало фильмов и сериалов 
2025-10-09 13:00:36.696846;КИОН;IOS;Долгий запуск приложения. При поиске прокрутке  тв каналов постоянно через 3 секунды идет возврат в исходный ,канал  это очень раздражает.
2025-10-24 04:51:54.997157;КИОН;ANDROID;Не отключается подписка кион премиум.подключение выполнено не мной.
2025-10-17 21:57:12.672841;КИОН;IOS;Списали последние деньги 
2025-10-17 12:55:30.998907;КИОН;IOS;Реклама раздражает
2025-10-07 07:56:26.229398;КИОН;ANDROID;Не все фильмы можно найти, эпохи СССР 
2025-10-16 10:45:45.697830;КИОН;IOS;Все из списка 
2025-10-11 11:36:23.593675;КИОН;IOS;Контент очень много весит, если скачивать на телефон . Не удобный интерфейс приложения.
2025-10-21 09:52:00.437904;КИОН;ANDROID;"Есть и другие варианты
"
2025-10-29 16:00:35.288513;КИОН;ANDROID;Много рекламы
2025-10-17 13:57:41.446572;КИОН;ANDROID;Очень мало фильмов и сериалов
2025-10-27 17:00:05.585850;КИОН;IOS;Не сохраняется история просмотра, не удобное управление, ломается при повороте экрана, переодически зависает видео, проблемы со входом с пк.
2025-10-31 00:58:33.874722;КИОН;ANDROID;Сложный сайт. И проблема с подпиской. 
2025-10-21 14:55:51.777823;КИОН;IOS;нагиев, козловский
2025-10-19 14:58:04.322836;КИОН;IOS;Сериалы разделены на большой период
2025-10-29 17:58:46.698660;КИОН;IOS;Не все фильмы есть на КION, когда набираю поиск 
2025-10-27 17:00:01.309826;КИОН;ANDROID;Нет интернета
2025-10-23 03:11:53.680975;КИОН;IOS;без интернета нельзя открыть раздел загруженное , в чем тогда его смысл?
2025-10-29 06:03:58.342451;КИОН;IOS;Было бы неплохо , если бы был раздел аудиокниги
2025-10-17 08:50:34.506605;КИОН;IOS;Прерывается трансляция на каналах между передачами. Конец передачи невозможно увидеть, так как прекращается вещание в соответствии с программой передач. Много раз писала об этом и тишина
2025-10-27 00:59:27.402489;КИОН;IOS;удобство пользования, дизайн приложения, список фильмов и сериалов (есть и годнота, но как основной онлайн-кинотеатр явно не подходит)
2025-10-25 11:56:35.800937;КИОН;ANDROID;Рекламма по верх ТВ каналов. 
2025-10-29 08:53:54.487181;КИОН;ANDROID;"Больше отечественных фильмов про лихие 90-е. года.

"
2025-10-30 17:55:15.996446;КИОН;IOS;"Подписку оплачиваю,  а по итогу подписки нет 
И денег нет "
2025-10-17 17:51:55.928394;КИОН;IOS;Редко обновляются новые сериалы и фильмы 
2025-10-02 09:53:40.438255;КИОН;IOS;Тупое приложение. Долго запускается, оптимизации нет от слова совсем даже на телевизоре с хорошим интернетом тупит
2025-11-29 18:55:10.133573;КИОН;WEB;не работает в ЛНР
2025-11-28 15:22:57.267639;КИОН;WEB;выкладка фильмов не в полном объеме 
2025-11-29 13:50:19.295492;КИОН;WEB;подписку нельзя отменить и деньги не возврашаются. да и смотреть у вас нечего
2025-11-15 03:33:18.954458;КИОН;WEB;Нет архива передач на нужном мне 5 канале
2025-11-15 17:49:16.212253;КИОН;WEB;новое с опозданием.
2025-11-18 09:40:23.463074;КИОН;WEB;смотришь фильм а потом он пропадает из списка ужас
2025-11-15 17:34:01.427708;КИОН;WEB;почему-то неудобно переключаться между сезонами в браузерной версии кион. Нет возможности подключиться к телевизору.
2025-11-29 23:43:15.931007;КИОН;WEB;Не включается полный экран фильмов, и виснет воспроизведение
2025-11-30 16:40:11.270669;КИОН;WEB;Постоянная реклама
2025-11-14 11:48:58.197897;КИОН;WEB;при продлении подписки подписка не плюсуется к прошлой дате
2025-11-29 11:51:35.276964;КИОН;WEB;Обрезанная картинка фильмы, которую нельзя увеличить
2025-11-15 17:57:17.569975;КИОН;WEB;хуйня
2025-11-19 23:50:46.223490;КИОН;WEB;проблемы со звуком
2025-11-17 11:58:57.447013;КИОН;WEB;Отсутствие TimeShift для эфирных каналов
2025-11-19 17:46:45.810001;КИОН;WEB;Не запускаются фильмы на ПК только на мобильном
2025-11-16 09:42:08.721030;КИОН;WEB;НИЧЕГО
2025-10-18 14:52:50.528202;КИОН;WEB;У каждого свой выбор, не хочу навязывать своё мнение
2025-10-12 11:40:32.792993;КИОН;WEB;просмотр возможен только с телефона. при покупке этой информации не было.  с ноута и компьютера возможен просмотр только первой серии , далее с телефона. это мошенничество, если вы об этом не говорите. в правилах подписки указано, что можно и с компьютера просматривать. отпишусь со след. месяца
2025-10-15 03:01:58.619204;КИОН;WEB;Контент низкого уровня.
2025-10-24 04:42:29.502203;КИОН;WEB;"поиск по сайту ужасный, в самом плеере не всегда работает перемотка, нет вариантов дубляжа и субтитров, нет фильтров по которым можно было бы выбрать что смотреть, подборки собраны идиотски максимально - хочется например ""сериал на тему Х"", ""дорамы"", ""аниме"", но есть только ""сериалы с русскими актерами-ноунеймами"" и миллион подборок непонятных комедий. сайт в целом будто бы не сделан под компы, красиво конечно, но неудобно, найти что-то конкретное невозможно, ищу конкретный сериал и даже не знаю - дело в том что его просто нет на сайте, или в том что поиск выдает все что угодно но не то что я ищу. хочется чего-то похожего на уже просмотренное - внизу опять список чего-то не связанного почти никак, персональных рекомендаций никаких нет. введите возможность указать предпочтения в профиле или искать кино по конкретным тегам, переработайте поиск, добавьте звуковые дорожки и субтитры, оптимизируйте размер обложек так, чтобы на экране их было не по пять штук и не приходилось без конца листать, добавьте фильтры - тогда, может, будет что рекомендовать. пока сайт годится скорее для того чтобы телевизор посмотреть - но это можно сделать и на телевизоре, и на сайтах каналов, где не придется искать нужный сто лет."
2025-10-27 13:46:46.782599;КИОН;WEB;приложение настроено так,что невозможно управлять подпиской
2025-10-21 03:56:31.535984;КИОН;WEB;вотемарка в фильме
2025-10-05 06:30:46.025764;КИОН;WEB;Не работают ни один из телеканалов
2025-10-12 15:58:00.300572;КИОН;WEB;"Не очень удобный плеер по сравнению с другими платформами. Большая часть поддерживают функцию вывода видео в отдельное окно, если переключился на другую вкладку(с ПК смотрю). Здесь она включается по кнопке и открывается отдельная страница.
Ну и коллекция небольшая по сути."
2025-10-30 22:57:02.868834;КИОН;WEB;Оформлена подписка ,но сериал Плевако ,не проигрывается ,пишет еще оформите /оплатите . Хотя в личном кабинете все высвечивается и оплата и статус подписки
2025-10-16 01:56:56.075065;КИОН;WEB;сильно расходует интернет трафик
2025-10-24 13:39:16.919653;КИОН;WEB;Твари, деньги берете , а просмотра нет, подонки вонючие
2025-10-10 04:58:59.852287;КИОН;WEB;"Сделано видимо просто чтобы сделать срубить денег с подписки.
Тестировщики да и в целом разработка видимо не знают что такое юзерфрендли, что можно опираться на лучшие решения в своем роде и тд"
2025-10-05 02:52:08.297193;КИОН;WEB;Мало хороших фильмов. Постоянно предлагается за дополнительную плату А медиатека, где много хороших фильмов и сериалов.
2025-10-11 09:54:14.945334;КИОН;WEB;Не возможно зайти через приложение, после регистрации на сайте яндекс, хром в приложение  не могу зайти просит новую регистрацию и оплату, если есть есть возможность связаться со мной будте так добры свяжитесь 
2025-10-01 19:57:57.066758;КИОН;WEB;нет местных региональных каналов, новостей, при пероходах между разделами тормозит,  нет интенета -нет телевидения
2025-10-14 04:04:31.507574;КИОН;WEB;нет выбора жанров сериалов и фильмов
2025-10-19 21:51:09.444188;КИОН;WEB;Только начал пользоваться
2025-10-17 16:51:05.727154;КИОН;WEB;Невозможно отменить подписку
2025-10-08 12:01:08.061804;КИОН;WEB;заинтересованность друзей. Если спросят - порекомендую.
2025-10-19 02:00:40.486910;КИОН;WEB;через каждые 10 минут останавливается видео, запускается только после обновления страницы, невозможно нормально смотреть
2025-10-23 08:10:43.130970;КИОН;WEB;Невозможно пропустить заставку и титры, неудобное главное меню
2025-10-26 15:58:41.496112;КИОН;WEB;"При подключенной подписке не все фильмы и сериалы можно смотреть.
Сейчас прдключила подписку, чтобы посмотреть Дом дракона. Оказалось, подписка не распространяется. Жаль."
2025-10-13 12:52:54.529828;КИОН;WEB;Фильмы-сплошь старьё, да ещё за мои же деньги мне крутят рекламу(!). Интерфейс-НЕ удобный, чтобы увидеть программу передач канала нужно запустить сам канал (учитель у нтв+/винк). при запуске каналов (всех !!!) звук, по умолчанию, выключен.
2025-10-06 16:53:07.628891;КИОН;WEB;НЕ РАБОТАЕТ на колмп
2025-10-16 18:50:55.939744;КИОН;WEB;Не запоминается моя аватарка при входе, мелочь но бесит.
2025-10-14 16:54:22.259623;КИОН;WEB;Невозможно отключить нормально
2025-10-27 18:45:08.487618;КИОН;WEB;ПЕРСОЕА
2025-10-30 08:31:00.911552;КИОН;WEB;Стоимость 
2025-10-27 21:02:08.597496;КИОН;WEB;фильмы не глубокие
2025-10-11 22:57:11.719058;КИОН;WEB;требует подписку, не смотря на то, что я в МТС домашний интернет
2025-10-13 07:55:41.838964;КИОН;WEB;Назойлвый показ ттрейлеров и анонсов фильмов перед просмотром
2025-10-30 19:57:19.829619;КИОН;WEB;не воспроизводится филь, поддержка не реагирует, обман
2025-10-22 12:01:53.827007;КИОН;WEB;"не могу зайти в подписку через мтс премиум на своем ноутбук
е"
2025-10-04 12:57:33.047030;КИОН;WEB;Не получается смотреть кино на вертикальном экране  в смартфоне.
2025-10-28 10:53:14.004112;КИОН;WEB;Неправильное отображение скрытых субтитров на телеканалах (нет форматирования: вместо двух строчек появляется одна длинная строчка, читать неудобно)
2025-10-11 08:57:05.940264;КИОН;WEB;все варианты
2025-10-29 21:52:44.794684;КИОН;WEB;Мне не нравятся то,  что снимается на данный момент. Кион не причем. Просто фильмы ужасны. 
2025-10-11 11:54:04.667110;КИОН;WEB;есть куда более популярный киносервис, который входит в подписку яндекс плюс
2025-10-21 13:57:56.416535;КИОН;WEB;вообще не удобно! с одной стороны фильмов много, но выбарть очено трудно: отзывов не найти, о фильме нет нормальной рекомендации-описания. А если хочется определенный фильм посмотреть, то точно не здесь. Плюс сам факт покупки просмотров - зачем мне это покупать? в принципе раздражает необходимость оплаты собственной деградации) полезного контента не обнаружено( нет, пожалуй, совсем не посоветую, даже если ОЗОН снова станет навяливать.
2025-10-22 18:57:58.170360;КИОН;WEB;Отвратительный интерфейс и поиск
2025-10-25 01:49:38.873938;КИОН;WEB;очень часто зависает
2025-10-17 18:58:31.241251;КИОН;WEB;Несколько пунктов , один не выбрать. И  часто подвисает при достаточно высокой скорости сети. И дорого стоит. И нечего смотреть. 
2025-10-10 19:59:53.109886;КИОН;WEB;оплатили 99 рублей за месяц  показали одну серию  и требуете денег
2025-10-09 15:49:54.450301;КИОН;WEB;Алушта Сочи Анапа
2025-10-05 09:29:07.605967;КИОН;WEB;трафик интернета тратиться сильно 
2025-10-17 03:56:03.961836;КИОН;WEB;Только ты норм , все смотрят в сморьыонах, фильмы если 
2025-10-17 12:58:29.509602;КИОН;WEB;Есть другие основные стримы
2025-10-27 10:55:44.601305;КИОН;WEB;отсутствует поиск по разделам
2025-10-28 10:43:51.695032;КИОН;WEB;приложение полный калл и не удобное
2025-10-04 18:57:30.774253;КИОН;WEB;"Неудобно пользоваться, нет в меню строки ""любимые каналы"""
2025-10-29 13:41:32.073854;КИОН;WEB;одно и тоже
2025-10-28 18:55:14.466953;КИОН;WEB;Без предупреждения списывают деньги за подписку, нельзя удалить карты в аккаунте. 
2025-10-21 22:58:53.238243;КИОН;WEB;"Просто не хочу рекомендовать 
"
2025-10-08 11:47:04.962401;КИОН;WEB;На компьютере с этим же профилем подписки нет 
2025-10-26 11:38:26.154654;КИОН;WEB;совершенно отсутствуют новинки
2025-10-13 10:53:07.289637;КИОН;WEB;отписаться от подписки - кучу экранов пройти надо
2025-10-23 15:00:57.326503;КИОН;WEB;У вас мало интересного. Все рассортировано по дебильному. И просто, невозможно, что - то найти. 
2025-10-20 16:31:33.966285;КИОН;WEB;не работает мышь и аэромышь в приложении для Android TV. В старом приложении (жёлтом) - всё работало. 
2025-10-07 16:40:59.671259;КИОН;WEB;хотелось бы чтоб добавили больше фильмов 
2025-10-04 17:50:17.856735;КИОН;WEB;Слишком мало фильмов. Нєт каталога по жанрам
2025-10-18 21:56:06.960966;КИОН;WEB;Приложение вообще не адаптированно для тв, невозможно пользоваться 
2025-10-29 19:59:53.176520;КИОН;WEB;все устраивает, но очень неудобно что при выборе сериала и нажатии на него или просмотре нельзя посмотреть список серий и выбрать другую как в других онлайн-кинотеатрах
2025-10-13 06:31:33.769370;КИОН;WEB;реклама появилась
2025-10-30 09:21:29.245281;КИОН;WEB;не могу оплатить матч премьер
2025-10-25 11:00:33.497541;КИОН;WEB;нельзя посмотреть некоторые серии без приложения
2025-10-04 09:57:43.717063;КИОН;WEB;Смотрел сериал Клан (Сербия) со вчерашнего дня доступа к нему нет (ошибка 404). Кто так делает? 
2025-10-17 13:53:33.449286;КИОН;WEB;несколько сериалов не показывает НИ на компьютере, НИ на мобильном устройстве.  выдает ошибку.
2025-10-17 21:00:53.246587;КИОН;WEB;Не даете отменить подписку, навязывая услугу остаться!
2025-10-23 09:47:38.217283;КИОН;WEB;Не работал сайт
2025-10-14 12:37:58.216615;КИОН;WEB;после недели подписки сложно сложить мнение
2025-10-27 10:58:23.416792;КИОН;WEB;Оплатила подписку 99 р . Посмотрела 1 серию фильма. На второй серии мне сообщили ,что надо перезагрузить браузер. либо смотреть на мобильном приложении. 1 серия прекрасно просматривается. Мошенники . просто спасали деньги.
2025-10-20 19:57:22.696318;КИОН;WEB;обязательный пинкод и то что даже не предусмотрен вариант от него отказаться при входе, полное днище 
2025-10-10 23:43:58.744662;КИОН;WEB;невозможно отменить подписку. жулье
2025-10-23 17:46:04.925934;КИОН;WEB;Не нашел жанр фантастика
2025-10-03 09:55:12.904693;КИОН;WEB;"блоки ""контекстной рекламы"" во время штатной  рекламы на канале которая может повторятся по нескольку раз."
2025-10-27 19:55:38.106703;КИОН;WEB;ЗАКОЛЕБЕЛА КАЖДЫЙ РАЗ СПРАШИВАТЬ АВТОРИЗАЦИЮ ПРИ КАЖДОМ-КАЖДОМ-КАЖДОМ ЗАХОДЕ НА КОМПЬЮТЕРЕ!!!!!!!!!!!!!!!!!!!!!!!!!!!!!!!!!!!!!!!!!!!!!!!
2025-10-17 15:55:55.145281;КИОН;WEB;неудобный вход в приложение (обязательное смс-подтверждение), неудобная система учетных записей (невозможность настроить персональный вход),  неудобная система поиска (фильтры), наполнение пока не анализировал.
2025-10-01 16:01:42.675231;Интернет-магазин;WEB;Отсутствие поддержки. В МТС невозможно ни с кем связаться
2025-10-13 03:38:08.370174;Интернет-магазин;WEB;Обман со времён работы магазина, что приводит к большим напрасным тратам денег и времени. При чем имея информацию о моем заказе, не предупредили о изменении времени работы и не продлили срок хранения (салон вообще весь день закрыт был). Плохой сервис. Дорогая доставка. 
2025-10-29 04:51:00.846800;Интернет-магазин;WEB;Ни когда раньше не пользовался 
2025-10-20 16:03:06.162937;Интернет-магазин;WEB;При получении мной интернет-заказа, товар оказался неисправен.
2025-10-13 16:03:35.645621;Интернет-магазин;WEB;Не начислили кешбэк за покупку 
2025-10-06 10:52:43.251948;Интернет-магазин;WEB;Все выше описанное 
2025-10-17 10:53:44.184645;Интернет-магазин;WEB;нет сравнения 
2025-10-06 08:54:17.371369;Интернет-магазин;WEB;Не до конца ознакомились. Сразу опрос?
2025-10-09 13:59:45.619718;Интернет-магазин;WEB;нет возможности заказать товар без оплаты при получении ,сделали б хотя бы 50% от стоимости 
2025-10-25 18:02:30.752017;Интернет-магазин;WEB;Нужного товара нет в моем городе. В дальнейшем если ситуация не изменится то банковская карта бесполезна если бонусы по ней копятся а тратить нет возможностию.
2025-10-31 23:00:33.444953;Интернет-магазин;WEB;Оформлял рассрочку, одобрили, дождался смски о привозе товара в магазин МТС, приехал, а мне в магазине говорят, что одобрения не было…
2025-10-21 19:12:11.486262;Интернет-магазин;WEB;где самовывоз в королёв
2025-10-20 14:46:54.826748;Интернет-магазин;WEB;Вы совсем ебанулись? За самовывоз 200 рублей 
2025-10-18 19:56:37.780937;Интернет-магазин;WEB;"Цены не конкурентно способны.
Доставка до магазина платная.
Нет доставки из других городов, где товар в наличии.
Нельзя как раньше платить 100% кешбэком"
2025-10-04 07:54:28.165291;Интернет-магазин;WEB;Качество товара не соответствует действительности. 
2025-10-08 14:03:57.532077;Интернет-магазин;WEB;Делал однажды онлайн заказ (№88829860), по приезду через полгорода в магазин для получения подтверждённого заказа мне заявили , что товар бракованный !!! Никакого уведомления о браке не прислали,  не перезвонили предупредить, товар в онлайн магазине никак не помечен! Кто  то же подтверждает, что товар готов к выдаче? Сотрудники магазина сказали ,что я сам должен отменить заказ. Я отменил, пробую в другом магазине, если повторится напишу отзывов везде и не буду больше пользоваться вашими магазинами и кэшбеками !!!
2025-10-27 14:02:37.168464;Интернет-магазин;WEB;"выбираю ""сравнение"" и на экране всего 3 колонки товара . При том что на экране место полно, по краям пустое пространство - пусто. какой идиот сайт писал? Люди придумывают широкоформатные мониторы, дизайнеры мтс  не могут использовать все  экранное пространство"
2025-10-14 14:23:33.354156;Интернет-магазин;WEB;Ужасная поддержка. Обращался по гарантии - все очень плохо.
2025-10-07 22:06:11.867678;Интернет-магазин;WEB;Невозможно оформить заказ. Сайт отвратительно работает. Выбрал товар, ввёл промокод и всё зависло. Что дальше делать не понятно. Помощи никакой. Оператор отсутствует и на заданные вопросы нет ответа.
2025-10-21 03:07:45.578507;Интернет-магазин;WEB;Личное
2025-10-12 11:50:09.994334;Интернет-магазин;WEB;Хочу обратиться с жалобой [ТЕЛЕФОН]
2025-10-20 14:51:18.763290;Интернет-магазин;WEB;кривой говносайт с отстойным поиском и невозможностью посмотреть полный список товаров с фильтрами
2025-10-25 11:58:39.835123;Интернет-магазин;WEB;Почему-то телефон был уже вскрыт, это огорчило((
2025-10-27 23:58:24.561370;Интернет-магазин;WEB;Нет в в наличии телевизора
2025-10-20 15:38:37.555740;Интернет-магазин;WEB;"заказанного мною телефона не было в наличии изначально. но заказ подтвердили. и пришлось просто так ехать чёрт пойми куда. а потом ещё и обратно. Добраться туда не просто. да и не бесплатно. Вменяемой реакции и компенсации не было никакой. Это издевательство просто какое то. Адекватное решение проблемы предложить такой же телефон по цене, за которую я сделал заказ. И наладить работу базы и интернет магазина. Не за мой счёт.
Как то в маленьком интернет магазине мне заменили смартфон из за того, что из за их кабеля вышел из строя мой смартфон. Вот так выглядит адекватное решение проблемы. Да и я недорогой телефон заказывал. Цена вопроса для мтс очень низкая. "
2025-10-20 16:03:48.349995;Интернет-магазин;WEB;"При оформлении заказа не предоставлена полная информация о товаре. Телефон оказался во вскрытой упаковке. Продавец обязан заранее об этом сообщить. Телефон лежал рядом с продавцом, сидящим на ресепшене, а не находился там, где должны находится заказы. У меня не спросили номер заказа, как будто заранее знали.  Информация предоставляемая в чате поддержки МТС не соответствует тому, что говорит продавец. При оформлении заказа срок хранения 2 суток, в чате мне продлили срок хранения до 20.10 и сказали, что на больший срок продлить не могут. Я сама в ЛК ещё продлила срок на один день - до 21.10.  А продавец в салоне сказала, что заказ за мной зарезервирован до середины ноября, то есть я могу его забрать в течение месяца.
У меня был выбран спрособ оплаты - рассрочка. В чате мне сказали, что в салоне нельзя булет изменить выбранный при оформлении заказа способ оплаты, это возможно только в ЛК, через чат. А в салоне открыли мой заказ на сайте и сказали, что можно оплатить сразу полностью, не в рассрочку. Впечатление, что я столкнулась с махинациями. Мне пытались продать, не то, что я заказывала."
2025-10-11 12:55:07.207717;Интернет-магазин;WEB;Система комплектов- полная шляпа. Выбор без выбора. Насильное втюхивание, чтобы получить более-менее нормальную стоимость 
2025-10-03 19:16:45.525931;Интернет-магазин;WEB;30 минутная очередь на получение товара в салоне, отсутствие доставки
2025-10-21 05:49:26.075739;Интернет-магазин;WEB;Выбора нет, цены завышены, мало того, что скучный ассортимент, так в наличии 2-3 позиции..Потратить кэш не возможно без премиума)) Навязываю его ,или сгорит
2025-10-17 15:51:31.041863;Интернет-магазин;WEB;Продаете брак и некачественный товар с ужасным звуком! Еще и упаковка не оригинальная!
2025-10-31 19:57:58.331251;Интернет-магазин;WEB;Не нашла в перечне города Республики Крым
2025-10-14 08:55:13.749419;Интернет-магазин;WEB;Нет в наличии в моем городе 
2025-10-21 10:57:53.498399;Интернет-магазин;WEB;Сделали заказ, прошла скидка трейдин + скидка на телефон, прихожу в магазин Брянск Красноармейская д100, мне говорят у вас в заказе нет трейдин, мне пришла смс что есть. в магазине говорят нет, мы никакого отношения к интернет магазину не имеем ... 
2025-10-24 14:01:12.318995;Интернет-магазин;WEB;"1) Игнорирование заявки 1-[ТЕЛЕФОН]8. Вопрос предоставления дополнительной гарантии на устройство по акции ""Как новый""

2) Необоснованный отказ в гарантийном обслуживании U37925101500005

3) Отказ в отмене договора купли-продажи на некачественный товар"
2025-10-12 11:58:49.792288;Интернет-магазин;WEB;Часы продаются с наушниками за 22 тыс.руб., а у вас одни наушники
2025-10-02 20:59:30.665648;Интернет-магазин;WEB;В смартфоне показывает модели телефонов для Москвы, но это узнаешь когда идет оформление. Раньше сверху было видно какой город определен. Сейчас нет.
2025-10-27 12:50:47.483022;Интернет-магазин;WEB;Навязчивый сервис с ненужными плюшками 
2025-10-19 13:07:41.299275;Интернет-магазин;WEB;билайн лучше!!!
2025-10-05 21:00:00.408372;Интернет-магазин;WEB;в магазине мтс цена ниже. старый смартфон не сдать - нет в перечне, также он должен быть 100% исправен. Нет описаний используемых в смартфоне технологий (хотя бы ссылки). Выбор смартфонов ограничен, нет марок Nothing, а также вариантов чистого андроида и по ценам до 20000 руб. В вариантах из Китая на Али Экспресс есть международная прошивка с российскими полосами (band...). Также мало вариантов со Snapdragon процессорами, всё с китайскими... 
2025-10-23 09:51:40.284052;Интернет-магазин;WEB;Очень долгая выдача предзаказов
2025-10-24 07:59:46.322921;Интернет-магазин;WEB;Не даю советы, каждый решает сам
2025-10-16 16:56:37.643303;Интернет-магазин;WEB;много неясностей в описании 
2025-10-14 21:00:44.804293;Интернет-магазин;WEB;Мтс.некогда.не.работает
2025-10-27 13:01:06.851238;Интернет-магазин;WEB;Сервис - говно, хозяева МТС - говно.
2025-10-02 10:01:01.117850;Интернет-магазин;WEB;делал как то заказ.пришел в магазин,а товара нет,сплошное наебалово!БОЛЬШЕ С МАГАЗИНОМ МТС НИКАКИХ ДЕЛ!!!ДА И СОТОВОГО ОПЕРАТОРА НАВЕРНОЕ БУДУ МЕНЯТЬ,ОТЯ ПОКА В МТС.И ПОЛЬЗОВАЛСЯ УЖЕ БОЛЕЕ 20 ЛЕТ!
2025-10-03 06:47:48.095427;Интернет-магазин;WEB;Не работают заявленные акции
2025-10-18 20:00:58.699088;Интернет-магазин;WEB;"Поверил словам вашего директора, ""айфоны 17 получат до конца сентября"". День рождения испорчен, никогда тут больше ничего не закажу! НИКОГДА!"
2025-10-09 19:58:45.921901;Интернет-магазин;WEB;Заставляют отменить собранный заказ из-за того что не нашли курьера сегодня, а товара уже нет в наличии.
2025-10-01 17:12:03.547281;Интернет-магазин;WEB;Оформил заказ, дважды переофрмляли по итогу отменили, сказали езжайте в магазин. Ужасный сервис
2025-10-26 12:00:07.046494;Интернет-магазин;WEB;"Магазин не лучше и не хуже других. 
Какой смысл рекомендовать если нет разницы. 
Если бы у магазина была своя фишка, заметное отличие, тогда да. "
2025-10-21 07:54:46.022881;Интернет-магазин;WEB;Всё плохо 
2025-10-23 07:43:09.962236;Интернет-магазин;WEB;"нет 100% гарантии, что получишь товар после оформления и оплаты.

наличие товаров в интернет магазине не соответствует реальному наличию.

при заказе нового телефона с доставкой, салон может спокойно отгрузить б/у телефон (как новый и всё подобное, как вы это называете). итог - отказ, потерянное время, замороженные деньги.

в целом плохой пользовательский опыт."
2025-10-28 21:00:40.598594;Интернет-магазин;WEB;После выбора товара и продолжении покупок, автоматически возвращает в начало списка. БЕСИТ?????
2025-10-14 03:10:04.371301;Интернет-магазин;WEB;Не доверяю. Лучше на Яву рассмотреть и проверить взяв с собой специалиста
2025-10-12 23:53:24.755532;Интернет-магазин;WEB;Малый срок резерва. Невозможно позвонить в магазин и продлить резерв. Для общения в чате нужно быть абонентом МТС. Такого тупости мир точно ещё не знал.
2025-10-28 10:52:18.455289;Интернет-магазин;WEB;Когда заказываешь смартфон с самовывозом из магазинов МТС, всегда дают вскрытую коробку и смартфон заляпан чьими-то руками.
2025-10-03 11:53:19.132312;Интернет-магазин;WEB;дорого
2025-10-27 07:53:48.125685;Интернет-магазин;WEB;"Не вписывается кэшбэк, пропали всё товары из избранного, хотя 9:00 утра, после обращения к менеджеру пропали товары. 
"
2025-10-17 23:56:06.004730;Интернет-магазин;WEB;Я оплачивал кэшбэком одну модель телефона, а мне подсунули другой  - бэушный, более дешёвый.
2025-10-07 09:59:25.947701;Интернет-магазин;WEB;На сайте есть. Оформляеш товар его сразу нет
2025-10-26 05:35:21.126345;Интернет-магазин;WEB;"По рекламе на товар звучит рассрочка
В каталоге магазина то же
А корзина говорит, на данный товар рассрочка не распространяется!"
2025-10-06 13:27:12.259789;Интернет-магазин;WEB;Нет возможности выбрать дату доставки и ограничен самовывоз по магазинам. 
2025-10-13 08:58:39.241306;Интернет-магазин;WEB;отсутствие товара
2025-10-04 13:13:06.177491;Интернет-магазин;WEB;"1. Ваша компания три месяца крала у меня деньги через МТС СТРАХОВАНИЕ.
2. Ваша компания не имеет даже адреса электронной почты, куда можно было бы направить претензию.
3. В вашей компании нет службы поддержки. Ваши телефоны не позволяют связаться с оператором. 
Как вы думаете, могу я кому бы то ни было рекомендовать вашу компанию? "
2025-10-19 19:54:50.723160;Интернет-магазин;WEB;привезли бу телефон вместо нового
2025-10-19 07:43:25.509959;Интернет-магазин;WEB;Сделал заказ. Получил подтверждение.2 часа добирался. 30 минут стоял в очереди. Заказа нет. Приехал через 2 часа домой, а заказ по прежнему ждёт меня по прежнему адресу! Заказ 89227786.  Издевательство! А мне 79 лет!
2025-10-03 14:59:34.964030;Интернет-магазин;WEB;Нужного товара нет, акции не работают 
2025-10-22 19:56:19.403275;Интернет-магазин;WEB;Нет ничего в наличии)))
2025-10-30 06:50:52.239385;Интернет-магазин;WEB;К заказанному смартфону не смогла сразу заказать зарядное устройство и чехол
2025-10-27 09:46:10.595254;Интернет-магазин;WEB;Ужасный сервис. Ужасающий. Оформил претензию. 
2025-08-16 05:48:05.000000;КИОН;ANDROID;Часто слитает
2025-08-16 11:59:39.000000;КИОН;ANDROID;При просмотре в мобильной версии и сворачивании приложения, воспроизведение останавливается и мини экран не отображается, нет возможности просмотра в отдельном окне и одновременном просмотре других приложений (в кинопоиск такая функция есть)
2025-08-17 14:58:05.000000;КИОН;ANDROID;Нет многих каналов и фильмов
2025-08-17 18:18:18.000000;КИОН;IOS;Серии не синхронизируются корректно и своевременно, неудобно выбор серий устроен на компе, что включается сразу серия, а не выбор серии, он спрятан глубоко и надо дотыкаться через поиск
2025-08-18 18:03:31.000000;КИОН;ANDROID;Нет каналов viasat! Подписки очень дорогие, сервиса нет от слова совсем
2025-08-18 21:55:00.000000;КИОН;IOS;Прусаков (НСО по Казани) очень сильно ущемляет наши права, мы боимся куда-либо жаловаться, так как он может уволить просто так. Но нам, как сотрудникам МТС очень хочется чтобы данная проблема была решена
2025-08-19 12:58:29.000000;КИОН;ANDROID;Слишком много рекламы, очень навязчиво, стали включать рекламу даже в телеканалах поверх основной, отключить невозможно, нажимаешь пропустить, а она начинаеься заново...
2025-08-19 22:03:34.000000;КИОН;ANDROID;Реклама. Траффик ест много, вылетает приложение. Теперь ещё и требования постоянные подтвердить что это я. С рекламой не вирусы пускаете ?
2025-08-20 06:46:40.000000;КИОН;ANDROID;Фсё полная хуйня!
2025-08-21 12:58:00.000000;КИОН;IOS;Очень виснет приложение, долгий период вообще не работало, хотя деньги за подписку списывались
2025-08-22 04:46:37.000000;КИОН;ANDROID;Показываете одно и тоже
2025-08-22 14:44:32.000000;КИОН;ANDROID;Навязывание подписки и невозможно отключить
2025-08-23 06:56:55.000000;КИОН;IOS;Не грузит
2025-08-23 17:01:05.000000;КИОН;ANDROID;С первого по двадцатый канал зависает во время рекламы.
2025-08-24 22:00:23.000000;КИОН;ANDROID;Много тратится интернета
2025-08-25 22:02:16.000000;КИОН;IOS;вквидио
2025-08-26 09:46:22.000000;КИОН;IOS;Не переходит с детского во взрослы. Хочу от вас отписать! Мне зачем детский
2025-08-28 21:26:52.000000;КИОН;ANDROID;Много лишних меню чтобы открыть список ты каналов. Не нужное ,, чаще всего смотрите,,
2025-08-29 15:58:08.000000;КИОН;ANDROID;Реклама keon не своевременны, особенно когда прямой эфир, надо что-то с этим делать!
2025-08-30 10:46:24.000000;КИОН;IOS;Не могу посмотреть сериал «Хирург». Вчера посмотрела 3 серии, а после он просто пропал из киона. Трындец.
2025-08-31 03:03:38.000000;КИОН;ANDROID;Не все фильмы представлены, Большая стоимость.
2025-08-09 14:59:10.000000;КИОН;IOS;Слишком много расходует трафик интернета
2025-08-09 17:53:18.000000;КИОН;IOS;Списали за две подписки за один месяц
2025-08-11 03:00:19.000000;КИОН;IOS;иногда просто невозможно промотать видео двойным нажатием, сколько не нажимай ничего не мотается. через раз выходят кнопки пропуска заставки и перехода к следующей серии
2025-08-11 22:17:37.000000;КИОН;IOS;Часто вылетает и пишет ошибку
2025-08-13 06:59:10.000000;КИОН;ANDROID;Стало очень много рекламы, она мешает просмотру
2025-08-13 13:12:51.000000;КИОН;ANDROID;Часто не работают тв каналы
2025-08-14 12:14:10.000000;КИОН;ANDROID;Мало фильмов и сериалов русских. Которых хочется посмотреть. Нет сериалов исторических про Русь. Народ должен знать историю России. А несмотреть придурка Нагиева. !.!!!!!!!!
2025-08-15 12:20:06.000000;КИОН;IOS;Очень сложно скачать фильм на телефон, процесс занимает очень много времени, у меня скачать серию!!!!! Не получилось
2025-08-02 08:40:49.000000;КИОН;ANDROID;Это о приложении на телевизоре: После просмотра фильма или сериала, он почемуто остаётся в списке просмотра, с пунктом Продолжить просмотр? Нет возможности удалить фильмы из Истории просмотров, так как это реализовано в меню Смотреть позже. И вообще, просто диву даёшься, что в наш век копьютерных технологий и моря программистов, видеть недоделанное приложение с ограниченным функционалом, которым пользуются миллионы телезрителей. Просто за Державу обидно.
2025-08-02 09:54:16.000000;КИОН;IOS;Не всегда срабатывает отмотка назад на 15 сек
2025-08-03 03:49:02.000000;КИОН;ANDROID;Надо превести каналы в соответствии со своим часовым поясом! Очень неудобно смотреть по московскому времени!
2025-08-03 11:55:44.000000;КИОН;ANDROID;Новая реклама
2025-08-03 13:53:41.000000;КИОН;ANDROID;При нажатии продолжить просмотр включается с первой серии, поэтому вынуждена помнить, где остановилась. Неудобно от слова совсем
2025-08-04 11:57:18.000000;КИОН;ANDROID;Не работает музыка на Андроид ТВ
2025-08-04 13:33:14.000000;КИОН;IOS;много блюра. Того же пива, но при этом на том же рутубе когда смотрю тот же фильм там нету никакого блюра на пол экрана, там его в принципе нету
2025-08-04 15:59:04.000000;КИОН;IOS;оптимизация приложения ужасное, плеер видео неудобный
2025-08-05 06:49:26.000000;КИОН;ANDROID;Очень неудобное меню
2025-08-05 11:39:20.000000;КИОН;ANDROID;невозможностт посмотреть любые филтмы и тд на smart tv. ложные ответы поддержки
2025-08-06 07:58:01.000000;КИОН;ANDROID;Подписка стала платной и часть каналов (Советская киноклассика, Матч Премьер, Мульт) по отдельной подписке
2025-08-06 23:58:57.000000;КИОН;IOS;V
2025-08-01 00:10:20.000000;КИОН;IOS;При наличии всех необходимых подписок я так и не смогла посмотреть нужный мне сериал. Выдавало ошибку. Поддержка проблему не решила. Ну и зачем мне тогда ваш сервис?!
2025-08-01 08:38:44.000000;КИОН;IOS;Неудобный плеер
2025-08-02 03:05:07.000000;КИОН;ANDROID;Поиск фильмов и работа приложения неудобная в мелочах. Например, сейчас пишу, а поле не вижу, т.к. оно заслоняется другим окном. И так во многих случаях
2025-08-02 05:51:03.000000;КИОН;ANDROID;Последнее время всё вместе!!!
2025-08-03 07:57:50.000000;КИОН;IOS;Всё время проблемы с категорией музыка. То не воспроизводилось, теперь не синхронизируется список избранного из приложения на телефоне в андроид ТВ. Последнее время тв каналы не работают
2025-08-03 23:09:06.000000;КИОН;ANDROID;На приставке фильмы запускаются не все. Обычно, то что хочу посмотреть, не запускается, а то что клацну для проверки и не хочу смотреть запустится. Раньше выходил из ситуации запускал кино в браузере опера, но и эту возможность убрали - все заканчивается выбором профиля для просмотра - клацаю на свой профиль, но реакции никакой. Подавал заявку в поддержку, но получил банальные рекомендации, которые любой здравомыслящий человек делает в первую очередь. В общем сервис нулевой. Не рекомендую.
2025-08-04 17:44:34.000000;КИОН;ANDROID;У друзей другие операторы связи.
2025-08-05 03:37:02.000000;КИОН;IOS;Купил подписку после полуночи, на пионе, тк как на сайте было так. А у меня сим карта и про то что нужно было это сделать в личном кабинет информации не было. Моей просьбе о переносе подписки на личный кабинет отказали. Буду переходить на Ростелеком, там хотя бы идут на встречу клиентам.
2025-08-05 22:55:53.000000;КИОН;IOS;невозможность скачивать всё
2025-08-06 06:58:01.000000;КИОН;ANDROID;Часто требует оплаты
2025-08-08 00:05:37.000000;КИОН;ANDROID;Фильмы одни и те же звук не сбалансирован смотришь фильм голос еле слышно за то пальба или ещё какие очень громко должен громкость постоянно дергать ночью не посмотреть ни чего ужас просто.
2025-08-08 15:00:31.000000;КИОН;ANDROID;УБЕРИТЕ ПОДПИСКИ ХОТЬ С ПОПУЛЯРНЫХ ФИЛЬМОВ И КАНАЛОВ
2025-08-08 23:01:27.000000;КИОН;IOS;Нет функции уже просмотрено, напряжет искать фильм или сериал среди просмотренных, даже не через ваш сервис, или просто не интересно
2025-08-09 05:58:07.000000;КИОН;ANDROID;Я его попал подключения МТС где было условлено ,на3-месяца ,сами знаете!.А через месяц блокируете,даже Простые программы с ТВ,и ещё вымагаете деньги чтобы подключиться на А ведь Когда я подключился к МТС всё было пучком, я Я с СВО,блин,и тварь!У вас завелась,были такие.Разберитесь пожалуйста!
2025-08-09 10:49:45.000000;КИОН;IOS;Были проблемы с подключением подписки, не подключалось
2025-08-09 13:14:34.000000;КИОН;ANDROID;Бывает видео либо канал тв зависают, появляется круглая стрелочка, вроде как проблема интернета, но простая перемотка, либо переключение канала решает данную проблему. Иногда так надоедает, что приходится выбрать низкое качество картинки, бывает помогает, бывает, что проще выключить. А ещё автоматически не выключается, то есть если уснуть или забыть выключить, а видео закончилось, либо вылезла ошибка какая-то, экран всё равно работает. На том же Ютубе, Рутубе, Зоне и т.д такие косяки отсутствуют. Нет знака просмотрено, зато если выключить на начале титров будет упрямо предлагать досмотреть. Очень чувствительный акселерометр, чуть качнулся телефон, сразу же поворачивается картинка, в режиме ТВ это дополнительно приводит к заиканию, нужно сделать задержку по дольше, либо увеличить углы срабатывания, на видео вообще можно отключить портретный режим, неужели кто-то смотрит видео в этом режиме. Это так, на скорую руку, как говорится.
2025-08-10 05:49:08.000000;КИОН;ANDROID;У меня подключен безлимитный кион.А по факту МТС сделал его лимитным.И при достижении определенного количества времени просмотра,вы его начинаете тормозить,смотреть не возможно
2025-08-11 07:41:02.000000;КИОН;IOS;Долго грузится кнопка продолжить просмотр
2025-08-12 13:58:11.000000;КИОН;ANDROID;Мало новинок
2025-08-12 13:58:30.000000;КИОН;ANDROID;Плачу каждый месяц за подписку 199 руб. Но если на номере баланс 0 руб. То подписка автоматически отключится. Очень огорчена работой приложения.
2025-08-12 21:04:14.000000;КИОН;IOS;Нет приложения в старых моделях смарт тв Самсунг. А покупать новый телевизор, которого вполне хватает для домашнего использования…. Модель ue46es7500. Не такая уже и старая.
2025-08-15 04:49:17.000000;КИОН;ANDROID;Разводка.. Семейная группа не может пользоваться премиум подпиской..
2025-08-15 07:04:17.000000;КИОН;ANDROID;Мало хороших иностранных фильмов. Почти все - блёклые, унылые и нудные. Неудобный интерфейс, особенно неудобный в тв-приставке новый, когда описание читаешь и вдруг начинает играть трейлер. Чуть зазеваешься - включается реклама. В тв-приставке не могу изменить иконку своего профиля. Досмотреть фильм - надо искать его иконку после включения. Платить за всё это - странно.
2025-08-15 20:59:44.000000;КИОН;ANDROID;Расход трафика,высокая стоимость
2025-08-16 02:00:25.000000;КИОН;ANDROID;Неудобные дорогие подписки нет максимального пакета по приемлимой цене часть партнёров прекратило сотрудничество с киносервисом из за чего актуальность и привлекательность данного сервиса упала !
2025-08-16 04:46:25.000000;КИОН;ANDROID;Недостаточно функциональный плеер
2025-08-16 18:19:33.000000;КИОН;IOS;Скорость и интерфейс
2025-08-17 04:57:36.000000;КИОН;IOS;Подписка в тарифе есть но на программу как бы нет
2025-08-17 20:00:07.000000;КИОН;ANDROID;Все выше перечисленное кроме проблем со входом
2025-08-18 08:53:26.000000;КИОН;ANDROID;Почти всё, из выше перечисленного
2025-08-18 11:53:32.000000;КИОН;IOS;Не работает адекватно выбор каналов, уже писал, говорили знают как поправить, но нет!
2025-08-18 14:00:02.000000;КИОН;IOS;Не успела еще нормально попользоваться
2025-08-19 06:51:17.000000;КИОН;IOS;Нет кнопки полноэкранного режима, для того что бы смотреть на полном экране, нужно переворачивать телефон, часто приложение тормозит, долго загружаем серию
2025-08-19 04:51:37.000000;КИОН;ANDROID;Корявое меню, в том числе невозможность закрепить вид списка телеканалов и при каждом входе опять надо выбирать любимые, нафига мне список любимых каналов если при входе в СВОЙ аккаунт я опять должен смотреть список всех!!! Отдельное фу за огромную рекламу отечественного современного тошнотного шлака, который вы называете кино, сделайте где-нибудь в нижнем углу маленькую кнопку ШЛАК и соберите там все, а рекламу наберите из советского кинематографа
2025-08-20 07:49:16.000000;КИОН;IOS;С амедиатекой на окко выходят серии сериала а у вас уже три недели нет
2025-08-20 18:44:21.000000;КИОН;IOS;Интерфейс плеера неудобен, нельзя выбрать качество или смотреть в полноэкранном режиме, даже на телевизоре. Раздражает реклама в самом приложении и закрыть ее трудно, хотя есть подписка
2025-08-21 16:40:44.000000;КИОН;IOS;Не могу отключить подписку. Подключен МТС премиум, куда входит Кион, еще здесь списывают.
2025-08-22 10:01:29.000000;КИОН;ANDROID;Плохое скачивание фильмов
2025-08-22 09:41:02.000000;КИОН;IOS;При том что оплачиваешь подписку еще и гигабайты уходят
2025-08-24 08:00:40.000000;КИОН;IOS;С подпиской приходится еще доплачивать что бы смотреть сериалы
2025-08-24 19:00:37.000000;КИОН;ANDROID;Много рекламы, даже с подпиской.
2025-08-24 20:58:11.000000;КИОН;IOS;Приложение постоянно зависает , проблемы со входом, приложение выключается. Стоимость подписки
2025-08-25 17:59:13.000000;КИОН;ANDROID;Смотреть фильмы/сериалы с телефона не удобно, а при выводе на экран телевизора, идёт блокировка картинке.
2025-08-25 19:26:05.000000;КИОН;ANDROID;Много списывается гигов
2025-08-25 22:00:11.000000;КИОН;ANDROID;Стало меньше хороших сериалов
2025-08-25 22:00:05.000000;КИОН;ANDROID;Мало советских фильмов и мультфильмов
2025-08-26 22:59:52.000000;КИОН;IOS;Просто интересно
2025-08-28 08:43:01.000000;КИОН;IOS;Почему я могу выбрать только 1 вариант то? Приложение выкидывает, видел зависает.
2025-08-29 14:53:10.000000;КИОН;ANDROID;За свои же деньги, вместо тв каналов смотрю рекламу которой быть не должно!!!
2025-08-30 20:57:18.000000;КИОН;IOS;Отсутствие широкого экрана в мобильной версии. Мало фильмов
2025-08-30 20:47:40.000000;КИОН;IOS;Не могу отменить подписку!
2025-08-31 02:00:41.000000;КИОН;ANDROID;Отвратительное всплывающее окно рекламы на весь экран при входе
2025-09-01 21:26:08.000000;КИОН;ANDROID;Не могу отключить подписку!!!
2025-09-02 14:46:26.000000;КИОН;IOS;Долго скачивать
2025-09-02 11:53:04.000000;КИОН;IOS;Подписка оплачена, доступа нет
2025-09-02 18:58:23.000000;КИОН;IOS;Ребёнок нормально смотрить не может из-за того что трогает икран и звук включает на всю ночность с яркостью тоже самое. Ребёнок пугается от резкого громко звука, это можно как нибудь убрать?
2025-09-03 03:59:07.000000;КИОН;ANDROID;Мало Российских фильмов, и советских фильмов
2025-09-03 03:58:55.000000;КИОН;IOS;Оформили мне подписку на матч тв и не отменяете её
2025-09-03 11:50:59.000000;КИОН;IOS;Все вместе
2025-09-03 13:06:55.000000;КИОН;ANDROID;Раньше интернет не расходывался, в этом была фишка мтс , теперь мтс не актуален. Полно других приложений, которые актуальней, да и другие оператоы не тратят на них трафик... Жадные вы стали мтс...
2025-09-04 03:49:11.000000;КИОН;ANDROID;Нельзя слушать фильм на выключенном экране телефона
2025-09-05 12:00:31.000000;КИОН;IOS;Сбои в работе канала кион, долгое во времени решение проблем с сотрудниками канала кион, не клиентоориентированность, не ценят клиентов . Сегодня конкретно была у меня проблема с воспроизведением фильмов , в итоге специалист на мой запрос легко готова распрощаться с клиентом . Прошу ознакомиться с перепиской
2025-09-07 10:59:44.000000;КИОН;IOS;Очень тормозят загрузки
2025-09-08 12:58:15.000000;КИОН;IOS;На стороннем сайте показывает,что сериал доступен в приложение,переходишь в кион,там сериала нет.
2025-09-08 23:59:28.000000;КИОН;IOS;Не могу оплатить подписку, через эп стор не удобно
2025-09-09 00:48:23.000000;КИОН;IOS;Мало фильмов
2025-09-10 11:53:42.000000;КИОН;IOS;Приложение было всю дорогу бесплатным для мобильных устройств. У меня платная подписка и я ещё и за кино плачу , че за бред
2025-09-12 19:59:08.000000;КИОН;ANDROID;Кое что
2025-09-12 21:57:27.000000;КИОН;IOS;я не часто смотрю фильмы и мои друзья тоже
2025-09-12 19:56:04.000000;КИОН;IOS;Не воспроизводится видео
2025-09-13 08:48:06.000000;КИОН;IOS;Для чего делать опцию загрузки фильмов, если фильм без интернета не запустишь? Кейс: перед вылетом скачала несколько серий. В самолете- сюрприз- без интернета не смогла войти в приложение
2025-09-14 12:00:06.000000;КИОН;ANDROID;Всё оплачено,а смотреть ничего не могу
2025-09-15 08:54:32.000000;КИОН;ANDROID;Реклама
2025-09-15 08:54:12.000000;КИОН;ANDROID;Не могу посмотреть сериалы которые прошли в эфире в прошлом сезоне
2025-09-15 11:59:07.000000;КИОН;IOS;В приложении просит оплатить 99р! А у меня мтс премиум, что должно по условиям входить в услугу
2025-09-17 13:51:02.000000;КИОН;IOS;Маленькая коллекция фильмов. Нет старых советских фильмов. Нет мировых бестселлеров.
2025-09-18 03:48:50.000000;КИОН;ANDROID;Наших фильмов очень мало
2025-09-20 07:42:44.000000;КИОН;IOS;Чтоб приложение открывалось без отсутствия интернета, смотреть скаченное.
2025-09-22 12:53:20.000000;КИОН;IOS;Неудобное меню и поиск
2025-09-22 20:59:57.000000;КИОН;ANDROID;Нельзя редактировать список каналов. Очень напрягает.
2025-09-25 20:55:08.000000;КИОН;IOS;Оплата подписки
2025-09-26 04:29:11.000000;КИОН;IOS;Очень долгий вход на тв,бывает вообще не возможно войти
2025-09-27 05:48:58.000000;КИОН;IOS;Не отображаются как Галя на apple tv
2025-09-28 11:58:52.000000;КИОН;ANDROID;"Не удобно, что нельзя смотреть контент в фоновом режиме; не удобно, что звук и яркость меняется на самом экране, это ненужная функция"
2025-09-28 19:02:00.000000;КИОН;ANDROID;Очень много рекламы, подвисает сеть, долго открывается
2025-09-30 20:59:52.000000;КИОН;IOS;Не удобный видео плеер на телефоне убовлять звук на экране мешает, возможность приближать видео мешает, сделайте функцию расширения экрана а не приближения
2025-09-30 20:59:28.000000;КИОН;IOS;Обновления редко, пропали мультики некоторые , не включает фильм или сериал с момента где закончил смотреть
2025-09-29 23:53:51.000000;КИОН;IOS;Полоска громкости посреди экрана — это шедевр
2025-09-01 08:52:01.000000;КИОН;IOS;Все самое интересное платное. Молодцы😁
2025-09-02 01:57:19.000000;КИОН;ANDROID;Много рекламы во время просмотра ТВ каналов
2025-09-01 18:58:11.000000;КИОН;ANDROID;Старьё
2025-09-02 21:58:50.000000;КИОН;IOS;1. Приложение работает не стабильно, иногда можно выбрать качество просмотра, иногда просто не дает 2. Нет возможности смотреть горизонтально(только если автоповорот стоит, но когда его включаешь, а телефон ставишь вертикально, то видео переворачивается в обрезанном формате)
2025-09-03 09:46:09.000000;КИОН;IOS;Все запикано не возможно смотреть.
2025-09-03 15:50:09.000000;КИОН;IOS;Нужно выключать автоповорот экрана, что бы смотреть в горизонтальном режиме ,
2025-09-04 12:56:42.000000;КИОН;ANDROID;На главной странице пропадают каналы из ибронные, добоаленых нет
2025-09-05 15:01:33.000000;КИОН;ANDROID;"Проблемы со входом в приложение; Воспроизведение каналов при стабильном интернете может висеть или долго грузиться и только потом показывать; Служба поддержки приложения не работает с обращениями,"
2025-09-05 20:59:14.000000;КИОН;IOS;Не возможно отменить подписку
2025-09-05 21:52:57.000000;КИОН;IOS;Экран на телефоне не фиксируется в горизонтальном положении автоматически
2025-09-06 02:49:35.000000;КИОН;IOS;Порекомендую
2025-09-07 03:55:54.000000;КИОН;ANDROID;Вылетае т при просмотре. И крутится и не включается.
2025-09-07 16:54:26.000000;КИОН;IOS;Качество видео ( настройки никак не влияют), малый ассортимент, бывает тупит приложение
2025-09-08 18:54:32.000000;КИОН;IOS;Проблемы с воспроизведением сериалов(со второй и последующих серий) и фильмов на телевизорах
2025-09-08 19:55:24.000000;КИОН;IOS;На iOS выдаёт ошибку на главном экране. Не отображаются разделы и фильмы. И так уже несколько дней. Обновления приложения не помогают..
2025-09-11 05:46:08.000000;КИОН;IOS;Два раза списывают за подписку, отключают раньше подписку чем оплачено.
2025-09-11 08:01:25.000000;КИОН;IOS;Мало доступа
2025-09-11 04:46:57.000000;КИОН;ANDROID;При отсутствии интернета нет возможности смотреть скачанные сериалы. Странно да? Они же в загрузках.
2025-09-12 07:40:25.000000;КИОН;IOS;снятие денежных средств за и подписку без напоминания и подтверждения необходимости подписки для покупателя в том или ином месяце. То, что вы один раз при покупке подписки указали 2 месяца 99₽ затем 299₽, человек уже и забыл что на вас подписался ради одного сериала. но на этом вы бабло и рубите, хоть это и не честно.
2025-09-12 17:00:12.000000;КИОН;IOS;Постоянно зависает, часто не загружает
2025-09-15 14:28:56.000000;КИОН;ANDROID;Кроме простой рекламы, выпадает ещё
2025-09-16 00:04:21.000000;КИОН;ANDROID;Гигабайтов много берёт, в кионе, на ТВ канале.
2025-09-16 08:55:24.000000;КИОН;ANDROID;Часто вообще не открывается Да на домашнем интернете
2025-09-16 20:00:16.000000;КИОН;IOS;Дерьмовое приложение, требует идентификации зачем-то. Новых фильмов минимум. Телепередачи напичканы рекламой.
2025-09-17 00:02:06.000000;КИОН;ANDROID;А все не так! Зависает картинка, тормозит приложение, переключаюсь между разделами(Фильмы, ТВ) Жаловался на стороннюю рекламу, хотя у меня Премиум-говорили что не повториться, но каждый день повторяется! И вот сейчас пишу комментарии, а приложение не позволяет прочесть что пишешь!
2025-09-16 23:59:15.000000;КИОН;ANDROID;Фальш
2025-09-18 19:51:30.000000;КИОН;ANDROID;Плохо ловит и постоянно зависает
2025-09-19 11:58:02.000000;КИОН;ANDROID;Не работают загрузки.
2025-09-19 15:59:35.000000;КИОН;ANDROID;Скуповат выбор фильмов
2025-09-20 03:20:31.000000;КИОН;IOS;Неудобно пользоваться каналами тв. При возврате к списку каналов слетает
2025-09-20 10:35:29.000000;КИОН;IOS;Нет такой привычки советовать
2025-09-21 00:48:19.000000;КИОН;IOS;Дабл тап некорректно работает
2025-09-21 02:00:35.000000;КИОН;ANDROID;Приложение работает некорректно.
2025-09-21 21:00:40.000000;КИОН;ANDROID;Имея подписку, нельзя смотреть ВСЕ фильмы/сериалы
2025-09-22 17:01:13.000000;КИОН;IOS;Нет функции продолжить просмотр, нет функции удобно выбирать серию и сезон. Постоянно вылетает приложение , что через телефон, что на телевизоре . На том же уровне бесплатные платформы ВК и рутуб предлагают большее, берете только тем, что в эфирах на тех платформах нет каких-то фильмов или сериалов. Обслуживание 0.
2025-09-22 19:01:26.000000;КИОН;ANDROID;Помимо основной телевизионной рекламы поверх всплывающая реклама достала уже
2025-09-24 04:49:25.000000;КИОН;ANDROID;Фильмы зависают, плохой интернет именно в приложении кион
2025-09-24 13:52:18.000000;КИОН;IOS;Не открывается загружены фильмы без интернета
2025-09-24 17:00:20.000000;КИОН;IOS;Нет многих фильмов и сериалов, даже каких то прошлых годов ,их просто нет ,много что платно.
2025-09-25 18:55:48.000000;КИОН;IOS;Получил приложение от МТС Не могу им воспользоваться
2025-09-25 17:47:36.000000;КИОН;IOS;При просмотре фильма не удобный интерфейс
2025-09-26 08:53:59.000000;КИОН;ANDROID;Начинаешь смотреть какой-то канал или фильм и просто вылетает на главную страницу. И это очень часто случается.
2025-09-26 15:46:49.000000;КИОН;IOS;Не нашла как найти настройки качества при воспроизведение на телевизоре
2025-09-26 19:00:35.000000;КИОН;ANDROID;Нет интересных фильмов.
2025-09-29 19:59:16.000000;КИОН;ANDROID;Верните премиум
2025-09-30 07:55:25.000000;КИОН;IOS;Анимации тормозят, качество видео посредственное, количество кадров в видео тоже посредственное. Приложение вылетает, тормозит, во всех аспектах работает неуорректно
2025-09-27 20:57:42.000000;КИОН;IOS;Списание денег за подписку которой потом в итоге нет
2025-09-29 04:47:20.000000;КИОН;ANDROID;Мой вариант
2025-09-29 05:00:25.000000;КИОН;ANDROID;Не закрывается чат и мои сообщения изчезают в чате, которые я пишу оператору в чате, всё в открытом доступе,
2025-08-07 17:59:40.000000;КИОН;WEB;нет фильмов в 4К, глючный режим картинка в картинке, мало доступных фильмов по сравнению с другими онлайн-кинотеатрами
2025-08-08 04:55:12.000000;КИОН;WEB;Дали промокод на год, а оказалось на месяц
2025-08-08 09:52:18.000000;КИОН;WEB;Нет приложения в rustore для ТВ. Его нужно искать на сторонних сайтах. У всех ваших конкурентов оно есть.
2025-08-10 00:55:25.000000;КИОН;WEB;Очень маленький выбор зарубежных фильмов. Даже старых фильмов нет.
2025-08-09 23:58:22.000000;КИОН;WEB;Нет ничего интересного, поисковик тупой ВЕЗДЕ СИНИЙ ТРАКТОР!!!
2025-08-10 06:27:10.000000;КИОН;WEB;интернет реклама
2025-08-11 01:56:32.000000;КИОН;WEB;кинотеатр к сожалению не запоминает на каком моменте времени остановился просмотр. У ИВИ есть такое! Точное время остановки просмотра. ПРОШУ СДЕЛАТЬ ТАК ЖЕ КАК У ИВИ! ЗАПОМИНАТЬ И ОСТАНАВЛИВАТЬ ВРЕМЯ ОСТАНОВКИ ПРОСМОТРА! Чтоб зритель смог досмотреть точную остановку! Там где остановился! Сделайте так чтоб тоже у вас запоминалось на точном времени остановка просмотра!
2025-08-11 07:41:37.000000;КИОН;WEB;Установлен на подписку автоплатеж. При недостаточном на счету денег, автоплатеж не прошел. А сама не могу оплатить подписку .
2025-08-11 15:46:07.000000;КИОН;WEB;не работает на моем смари тв - и никто из пидорасов о таком не предупредил
2025-08-11 17:02:35.000000;КИОН;WEB;Проблемы со входом в приложение + неудобный плеер (отматывание на 1 (!) секунду на приложениях для приставок на android). Однако у вас были три эксклюзива, ради которых стоило активировать подписку -- за это спасибо!
2025-08-12 08:49:13.000000;КИОН;WEB;Нет фильтров по фильмам (год, жанр, страна) - это минус. Я хочу выбрать свежие комедии и не могу этого сделать. При входе во взрослый аккаунт (после детского) остается детский контент - это минус. Нет мультиков СССР :), а дочь любит.
2025-08-12 10:51:23.000000;КИОН;WEB;Все вышеперечисленные кроме наверное стоимости. Плюс еще идиотская реклама на федеральных каналах, которую запускает приложение вместо пакетов рекламы самих каналов. Это все про андроид приложение на смарт ТВ.
2025-08-12 16:46:52.000000;КИОН;WEB;Приобрела подписку , но чек мне не присылают Добрый день! Прошу направить товарный чек об оплате подписки, аккаунт зарегистрирован на номер [ТЕЛЕФОН], оплата производилась с карты 6907 В соответствии с Федеральным законом №54 О применении контрольно-кассовой техники, а именно п. 2 ст. 1.2 При осуществлении расчета пользователь обязан выдать кассовый чек или бланк строгой отчетности на бумажном носителе и (или) в случае предоставления покупателем (клиентом) пользователю до момента расчета абонентского номера либо адреса электронной почты направить кассовый чек или бланк строгой отчетности в электронной форме покупателю (клиенту) на предоставленные абонентский номер либо адрес электронной почты (при наличии технической возможности для передачи информации покупателю (клиенту) в электронной форме на адрес электронной почты), если иное не установлено настоящим Федеральным законом.
2025-08-12 20:00:01.000000;КИОН;WEB;Проблемы со входом в приложение, проблемы с воспроизведением и запуском, нереальная цена за низкое качество, приложение тормозит все время при воспроизведении каналов, фильмов и т д, список доступных фильмов ничтожен, их можно смотреть бесплатно в сети, все свыше перечисленное не для того что бы кого то обидеть, я с мтс больше 30 лет уже, но качество предоставляемых услуг начиная от связи заканчивая подписками просто хуже некуда день ото дня! Хочу давно уйти, привычка наверное, если до нового года так все и будет, уйду в другую компанию.
2025-08-12 20:52:38.000000;КИОН;WEB;мало новинок.
2025-08-12 21:54:05.000000;КИОН;WEB;Я отменила подписку, но с меня сняли денежные средства за продление подписки в сумме 699 руб. Считаю, что это мошенничество. Как от писаться от KION? Если на сайте я заранее отписалась, а деньги все равно сняли без уведомления о согласии на проведение платежа.
2025-08-13 08:56:03.000000;КИОН;WEB;Раньше в абонентскую плату интернета входило тв и фильмы на Kion,с некоторых пор все фильмы стали платными, абонентская и так высокая, так ещё за подписку платить теперь. Ухожу из Киона
2025-08-14 16:55:48.000000;КИОН;WEB;Фильм на телефоне не увеличивается наполный экран и фильм не качается на другом телефоне все нормально
2025-08-15 10:54:36.000000;КИОН;WEB;Не нравится ваш вариант!!! Экран не поворачивается, приходится смотреть портить зрение!!!! Больше на вас не подпишусь!!! Список доступных фильмов мизерный!!! Нет вариньа-ваши предпочтения!!! Вообщем на много хуже чем Кион!!!!
2025-08-15 21:56:41.000000;КИОН;WEB;Поиск. Не хватает фильтров. В ленте отображаются одни и те же фильмы и сериалы. Приходится идти в Гугл или Яндекс за рекомендацией, а затем по названию искать в Кионе.
2025-08-16 08:00:27.000000;КИОН;WEB;Нет возможности смотреть продолжение фильмов сезон 2
2025-08-17 08:59:55.000000;КИОН;WEB;Отсутствие в муз.бридж канала РОК
2025-08-17 22:55:47.000000;КИОН;WEB;часто тормозит, на многих девайсах не работает/работает некорректно, постоянные обновления, которые влияют на работу приложения и тд и тп
2025-08-17 22:48:26.000000;КИОН;WEB;За все заплатил, а Актерище показывать не хочет!
2025-08-18 10:59:03.000000;КИОН;WEB;кривой сайт
2025-08-17 22:32:43.000000;КИОН;WEB;плати за мтс музыку и за кион где нету норм каналов
2025-08-18 19:57:43.000000;КИОН;WEB;КРАЙНЕ НЕ УДОБНО ИСКАТЬ МУЛЬТИКИ!!!! При вбивании в поиск мульт, мультфильм, мультик - выдает канал, но не выдает список доступных мультиков. Как их искать до сих пор не понятно, в категории фильмы внизу были мультики, сейчас уже пол часа ищем, не можем найти ни одного. Это крайне не удобно!
2025-08-19 11:27:39.000000;КИОН;WEB;Полный отстой
2025-08-19 19:56:51.000000;КИОН;WEB;неудобный интерфейс. для выбора серии надо выйти в основное меню фильма. Нет информации на какой серии остановился пользователь
2025-08-21 21:01:42.000000;КИОН;WEB;Полная непродуманность приложения. Даже в опросе нет возможности выбрать несколько вариантов ответов. Создается впечатление, что всё делается из-под палки. Моё видение на формирование низкой оценки: 1. Проблемы со входом. Не приложение для просмотра телевизора, а какой-то Бильдербергский клуб - кругом пароли, коды из смс и прочая морока 2. Что за затемнение экрана, при активной панели плеера?? Что бы разглядеть видео на экране, надо выждать время для скрытия плеера, после чего появляется нормальная подсветка и картинка. Кион смотрят далеко не подростки в дырявых штанах, которых должны вдохновлять эти конченные спец. эффекты плеера.
2025-08-22 17:01:21.000000;КИОН;WEB;Стала выскакивать реклама в новом окне. При этом обратно на канал иногда не возвращается. И что я обязан при подписке смотреть дополнительную рекламу? С чего это?
2025-08-22 12:58:38.000000;КИОН;WEB;Много рекламы, которая повторяется по 100 раз.
2025-08-22 14:59:32.000000;КИОН;WEB;телеканалы смотреть невозможно постоянно тормозит фильмов нет от слово совсем все платное то что входит бесплатно от мтс это ничего любой интернет онлайн кинотеатр в разы лучше
2025-08-22 16:24:24.000000;КИОН;WEB;дорого, за такое фуфло, ничего интересного, такого г и бесплатно можно посмотреть, печалька!
2025-08-22 20:00:42.000000;КИОН;WEB;Где категории?!?! Жанры, аниме, комедии и ТД. ТП.!?!?
2025-08-24 11:50:45.000000;КИОН;WEB;подписка дорогая большая часть сериалов и фильмов уже не актуальные их видела
2025-08-24 20:56:07.000000;КИОН;WEB;да хз сложно даже сказать почему...
2025-08-25 14:59:24.000000;КИОН;WEB;Реклама просто за...да..
2025-08-26 11:59:19.000000;КИОН;WEB;Брала бесплатный пробный вариант 7 дней.Пшсмотрела,что здесь есть для меня и на 5 день отписалась.А с меня сняли 599 руб.на дальнейшую подписку,хотя ее уже нет.
2025-08-26 13:47:27.000000;КИОН;WEB;Сложность при отключении подписки
2025-08-26 20:55:57.000000;КИОН;WEB;Очень неудобный поиск/каталог
2025-08-27 19:58:57.000000;КИОН;WEB;поиска по жанру нет
2025-08-29 06:35:56.000000;КИОН;WEB;Нет страны производства фильма.
2025-08-29 15:52:37.000000;КИОН;WEB;как пользоваться амедиатекой
2025-08-30 00:54:28.000000;КИОН;WEB;слишком мало фильмов отстой платить за пустоту
2025-08-30 15:45:06.000000;КИОН;WEB;другие подписки на канале
2025-08-31 13:00:44.000000;КИОН;WEB;Не очень удобное приложение
2025-08-01 21:46:03.000000;КИОН;WEB;хуйня ебаная
2025-08-01 09:35:39.000000;КИОН;WEB;не корректная работа
2025-08-01 13:55:40.000000;КИОН;WEB;Нет фильтров поиска фильмов, сериалов в ПК версии сайта
2025-08-02 12:35:02.000000;КИОН;WEB;Списание денег после отмены подписки
2025-08-03 09:36:38.000000;КИОН;WEB;Невозможно поставить все галочки в ответах. Вы видимо и сами знаете свои проблемы, именно всё что здесь перечислено, и является вашими недочётами
2025-08-05 08:36:34.000000;КИОН;WEB;у многих каналов нет возможности управления эфиром. Высокая стоимость подписки. Я перешёл в мтс с ростелекома. У него ценник такой же. Цена сейчас сравнялась, управление эфиром у них организовано лучше.
2025-08-05 17:43:48.000000;КИОН;WEB;не воспроизводится видео на ноутбуке
2025-08-01 10:50:38.000000;КИОН;WEB;очень мало фильмов
2025-08-01 16:03:04.000000;КИОН;WEB;списали 1800 не предупредив это возмутительно качество фильмов ужасное и постоянно зависает видео смотреть невозможно выброшенные деньги
2025-08-01 16:40:56.000000;КИОН;WEB;СМС об оплате подписки пришел ночью в 1 час 16 мин, в этот же день в 22:48 час, тоже ночь уже, телефон отключен. А потом просто отключаете доступ. Может, начнете смс присылать днем, а не в ночное время?
2025-08-02 18:58:11.000000;КИОН;WEB;Мало новых фильмов и сериалов
2025-08-02 22:48:25.000000;КИОН;WEB;Поменялось все на главной странице в худшую сторону, до этого было было все хорошо.
2025-08-04 14:51:57.000000;КИОН;WEB;Вы списываете деньги без спросу после использования промокода. Вам никто не разрешал это делать. Посмотрим, вернёте ли вы эти деньги.
2025-08-05 18:56:16.000000;КИОН;WEB;нет перемотки на 10 секунд при просмотре ни на компе ни на телевизоре у всех есть у вас нет
2025-08-08 17:56:19.000000;КИОН;WEB;При подписке. Реклама на каналах типа рен тв, та реклама которая идет поверх блока рекламы на самом канале. Причем от 4 до 7 раз одна и таже с очень повышенной громкостью. Реально бесит это и по выходным
2025-08-08 16:03:04.000000;КИОН;WEB;- неудобные превьюшки - названия не до конца написаны в общем меню (непонятно, например, какая часть) - невидно, где канал с платной подпиской, зря перелистываешь на страницу и обратно - при возращении на прошлую страницу выбрасывает в начало списка, приходится отлистывать к тому месту, где закончила смотреть, что идет, и этот поиск усугубляется еще тем, что каналы могут сместиться в таблице (как если добавился- убавился какой-то в начале)
2025-08-09 07:59:38.000000;КИОН;WEB;мало фильмов,не удобный поиск,приложение на телевизоре вообще не переключает выбор серии и нет настройки для качества изображения
2025-08-10 14:47:18.000000;КИОН;WEB;Взяли денег, посмотрел 1 серию, а теперь не дают дальше смотреть браузер не тот((
2025-08-10 18:37:55.000000;КИОН;WEB;достали с вашим опросом
2025-08-11 16:55:06.000000;КИОН;WEB;Жулики . После того как прикрутили карту к аккаунту , стригут деньги без спроса
2025-08-13 08:53:19.000000;КИОН;WEB;1,3,4 пункты
2025-08-14 16:45:16.000000;КИОН;WEB;не удобный поиск на сайте, из за этого ничего нельзя найти и перейти в нужный отдел, и поэтому всё бросаешь и идёшь смотреть в окко.
2025-08-14 16:56:40.000000;КИОН;WEB;Нет возможности отключения подписки,если подключалась на других приложениях.Лучше вообще не подключать,так как продление автоматически и деньги списывают тоже автоматически,причём по полной программе.Всем теперь рекомендую НЕ подключать даже по промокоду!
2025-08-15 09:52:28.000000;КИОН;WEB;Неудобный интерфейс. Нет фильтров в поиске
2025-08-15 14:51:34.000000;КИОН;WEB;я не могу смотреть фильмы в приложении КИОН на компьютере
2025-08-15 16:56:42.000000;КИОН;WEB;Вчера отменила подписку, специально заблаговременно, а сегодня деньги сняли без зазрения совести и как ни в чем не бывало продлили подписку, это как называется?
2025-08-15 22:32:42.000000;КИОН;WEB;невозможно смотреть на компьютере из яндекс браузер
2025-08-16 10:56:53.000000;КИОН;WEB;настройки звука сбрасываются при новом фильме
2025-08-17 20:02:46.000000;КИОН;WEB;пин код который надо вводить при запуске каждого фильма , на apple tv вообще не хочет нормально работать пишет смотрите на телефоне приложение.
2025-08-18 15:50:34.000000;КИОН;WEB;Мало новых фильмов
2025-08-19 13:55:38.000000;КИОН;WEB;недостаточный выбор каналов, фильмов/сериалов, нет возможности смотреть в записи
2025-08-19 20:48:28.000000;КИОН;WEB;Плеер плохо запоминает время на котором я остановила просмотр. А просмотренные серии не отмечаются. То есть я могла посмотреть серию сериала или целый фильм, а мне потом на главном экране предлагают продолжить просмотр, хотя я уже закончила его. Статус при этом не меняется. Это очень не удобно, потому что я не хочу каждый раз запоминать, где я остановилась. Еще периодически после просмотра у меня отключается звук. Я могу смотреть что-то, выключить приложение и ТВ, а после включения у меня звук ТВ оказывается на минимуме. После других приложений такого нет. Плюс периодически приложение зависает и вылетает прям во время просмотра.
2025-08-21 10:56:46.000000;КИОН;WEB;Неудобный интерфейс.
2025-08-22 20:36:31.000000;КИОН;WEB;нет многих фильмов и сериалов которые хотелось посмотретЬ.И ДОРОГО
2025-08-22 20:48:34.000000;КИОН;WEB;нет фильтров фильмов и выбора жанра
2025-08-23 07:01:19.000000;КИОН;WEB;нет программы телеканалов, раньше было гараздо лучше, сейчас ее просто сломали ваши разработчики
2025-08-23 12:58:49.000000;КИОН;WEB;как выйти из профиля
2025-08-24 12:41:07.000000;КИОН;WEB;всплывающая рамка (ПРОДОЛЖИТЬ ПРОСМОТР)
2025-08-24 18:56:41.000000;КИОН;WEB;бесплатная подписка
2025-08-24 21:55:09.000000;КИОН;WEB;Технические проблемы при воспроизведении через браузер Сафари
2025-08-25 09:38:34.000000;КИОН;WEB;я купила подписку 18+ по итогу все слова запиканные, за что я заплатила деньги если филь с цензурой?
2025-08-26 10:42:40.000000;КИОН;WEB;Нет автоповорота экрана
2025-08-28 13:58:30.000000;КИОН;WEB;много рекламы
2025-08-29 12:59:10.000000;КИОН;WEB;Когда смотришь сериал, нельзя в текущем окне перейти на другую серию, только назад и вперед. Очень мало зарубежных фильмов, сериалов. Не удобная навигация по сериалам, фильмам. Нет возможности отсортировать по актерам, режиссерам, годом выпуска и.т.д. Контент слишком мал и беден, в основной массе русское производство кино-дешевок.
2025-08-31 10:27:29.000000;КИОН;WEB;Нет перемотки, очень неудобно, и каждый раз серия включается сначала
2025-08-31 14:58:07.000000;КИОН;WEB;Нет фильтра по странам.
2025-09-29 18:58:43.000000;КИОН;WEB;самый дерьмовый онлай кинотеатр. полнейшее гавнище. ничё не понятно. у меня озон премиум. где подписка то??? суёте везде свой мтс с космическими ценами
2025-09-01 08:26:17.000000;КИОН;WEB;работает только на ноутбуке, на телевизоре ничего не запускается
2025-09-02 22:53:40.000000;КИОН;WEB;часто виснет при просмотре фильма
2025-09-04 14:02:49.000000;КИОН;WEB;смотреть тут нечего.все известные сериалы отсутствуют.тот же лесник
2025-09-05 21:00:18.000000;КИОН;WEB;Мало новинок
2025-09-06 10:44:52.000000;КИОН;WEB;отсутвует топ контент
2025-09-08 10:37:01.000000;КИОН;WEB;каждый раз при открытии фильма или сериала разрешения 240 на ПК и в мобильном приложении, надоело переключать качество. Далее мне не хватает функции, быстрой кнопки просмотров серий, например как громкость или настройки качество, уже в открытом сериале,, что бы переключить серию приходиться выходить на главную страницу сериала.
2025-09-09 08:33:58.000000;КИОН;WEB;нет перехода между сериями (приходится ждать или перематывать) нет перехода к списку серий + стоимость подписки + список фильмов/сериалов
2025-09-10 09:17:19.000000;КИОН;WEB;Постоянные проблемы с работой приложения на приставке с андроид 7.1. Проблемы со входом в приложение. И главное, напрягает что слишком много эротического контента: свободный секс, сатанизм в ужастиках, и другой грязи. Главная страница буквально забита этим .... Фильмы специально для КИОН это то же самое... отстой, измены и т.д. Похоже, что совсем нет этических и нравственных норм у администраторов и дизайнеров сайта. Пользуюсь пока что этим кинотеатром т.к. связь мтс. Задумываюсь уйти от этого оператора - здесь слишком много грязи. Особенно мне не нравится Нагиев как лицо мтс, которого где можно и нельзя впихивают в рекламу и фильмы... Почему бы не снимать фильмы про честность, мужество, верность, доброту ? Не похоже, что здесь на это способны...
2025-09-10 07:56:42.000000;КИОН;WEB;неудобно искать что посмотреть
2025-09-10 09:53:47.000000;КИОН;WEB;Если есть подписка, зачем еще платить за то, чтоб не было реклам??? Бред
2025-09-10 16:46:13.000000;КИОН;WEB;Как отказаться от подписки
2025-09-10 16:41:28.000000;КИОН;WEB;Одинаковая реклама повторяется по не сколько раз!
2025-09-10 20:04:09.000000;КИОН;WEB;исчезла подписка через час,тех.под не отвечает
2025-09-11 05:56:00.000000;КИОН;WEB;подписка на те каналы, что в других приложениях безплатно
2025-09-11 14:56:17.000000;КИОН;WEB;Максимально непродуманный и неудобный интерфейс проигрывателя
2025-09-11 13:56:06.000000;КИОН;WEB;бесит что нельзя повернуть без автоповорота
2025-09-12 05:39:21.000000;КИОН;WEB;херня, вместо того чтобы просто убрать тег pip=false сделали какое то кривое воспроизведение в отедьном окне, еботень полная приходится лезть в тег и убирать тег каждый раз
2025-09-13 21:58:28.000000;КИОН;WEB;тРЕБУЕТСЯ ОБЯЗАТЕЛЬНАЯ ПРИВЯЗКА КАРТЫ
2025-09-14 10:59:33.000000;КИОН;WEB;Мало контента
2025-09-14 11:56:37.000000;КИОН;WEB;ВСЕ ВАРИАНТЫ
2025-09-14 12:38:21.000000;КИОН;WEB;оплата подписки произведена.но не все фильмы в доступе...это перебор
2025-09-16 08:40:58.000000;КИОН;WEB;оно того не стоит даже бесплатно
2025-09-16 13:57:43.000000;КИОН;WEB;строка поиска бесполезна. что ни вводи - ничего не находится
2025-09-18 08:45:15.000000;КИОН;WEB;нет возможности смотреть пропущенные передачи
2025-09-19 03:04:56.000000;КИОН;WEB;Разочарован,нужный фильм-выскакивает ошибка.а не нужное само лезет.
2025-09-19 12:58:44.000000;КИОН;WEB;проблемы с управлением подпиской
2025-09-19 18:15:09.000000;КИОН;WEB;В эфирном ТВ зацикленная однообразная реклама
2025-09-21 09:43:37.000000;КИОН;WEB;Нет увеличения скорости для андроид!!!! Нужно до 3скорости чтоб было.
2025-09-21 18:46:44.000000;КИОН;WEB;покупаешь конкретный фильм, который хотелось бы посмотреть сразу, а кион растягивает фильм на несколько месяцев по одной серии в неделю, так что уже не помнишь, что было в предыдущей серии,это похоже на мошенничество. Также много фильмов грязных, просто набитых нецензурными грязными словами(до тошноты), но кион не предупреждает что фильм с нецензурной бранью
2025-09-21 17:32:06.000000;КИОН;WEB;невозможность просмотра через ноутбук
2025-09-23 06:20:19.000000;КИОН;WEB;долго грузится на компьюторе
2025-09-23 08:59:30.000000;КИОН;WEB;высокая стоимость, список доступных фильмов, проблемы с воспроизведением или запуском фильмов
2025-09-23 15:57:00.000000;КИОН;WEB;нет в магазинах андроид тв
2025-09-24 15:55:55.000000;КИОН;WEB;Нет полноэкранного просмотра
2025-09-26 12:45:53.000000;КИОН;WEB;нет нормальных фильмов
2025-09-26 13:57:12.000000;КИОН;WEB;расширить список фильмов. чаще обновлять .
2025-09-27 08:47:57.000000;КИОН;WEB;Не могу отменить подписку. Нужна помощь.
2025-09-27 08:46:43.000000;КИОН;WEB;постоянно виснет приложение, следующая серия не грузится, постоянно выдает ошибку
2025-09-27 15:37:50.000000;КИОН;WEB;тормозной плеер, хуевое качество
2025-09-28 05:33:43.000000;КИОН;WEB;Неудобное меню, переключение между картинка в картинке, как-то всё замороченно, чтобы остановить надо мышью именно в центр тыкать, если закрыть браузер, и открыть завтра - не помнит откуда продолжать. МакОС, через Яндекс. Жесть короче.
2025-09-28 09:00:03.000000;КИОН;WEB;Все фильмы какие бы не захотел посмотреть, все платно
2025-09-29 11:21:27.000000;КИОН;WEB;Списаны деньги без моего ведома
2025-09-30 01:53:39.000000;КИОН;WEB;Отключила продление подписки, но с меня все равно списывали еще несколько месяцев деньги. Было бы время свободное, пошла бы в суд. А так просто буду предупреждать друзей о том, как Кион поступает
2025-09-30 10:59:33.000000;КИОН;WEB;Списали деньги за продление подписки даже не предупредив об этом заранее.
2025-09-29 14:34:17.000000;КИОН;WEB;Оплатила подписку на 2 года, сейчас подписка недоступна. Почему?
2025-09-02 14:57:47.000000;КИОН;WEB;не удобный интерфейс/ хочется во вкладки меню(сверху слева) попадать в перечень жанров и прочее.
2025-09-03 07:28:46.000000;КИОН;WEB;мало фильмов и сериалов нет новинок как у других тормозит вылетает нет старых фильмов и сериалов в поисковике сырое приложение и тд
2025-09-03 11:47:31.000000;КИОН;WEB;задолбало упоминание опроса
2025-09-04 06:54:54.000000;КИОН;WEB;нет фильмов
2025-09-05 00:39:41.000000;КИОН;WEB;нет субтитров для глухих и слабослышащих ВООБЩЕ ни в одном фильме/сериале, платформа Кинопоиск вас уделывает в этом плане по всем фронтам))))
2025-09-06 04:56:47.000000;КИОН;WEB;ПОИСКОВИК ПОДВОДИТ
2025-09-06 16:53:22.000000;КИОН;WEB;отсутсвует доступ к фильмам, или только одна серия
2025-09-06 13:46:40.000000;КИОН;WEB;Видео постоянно тормозит и долго грузится
2025-09-06 19:46:24.000000;КИОН;WEB;не хватает доступных фильмов
2025-09-06 22:36:32.000000;КИОН;WEB;Водяной огромный значок на почти каждом фильме. Например кинокульт . Очень заметный и портит сильно впечатление
2025-09-09 13:57:15.000000;КИОН;WEB;При просмотре фильма нажав на весь экран воспроизводит узкой полоской. При повороте тефона экран остаеться на месте. Смотреть в узкой полоске очень не удобно.
2025-09-09 14:47:29.000000;КИОН;WEB;столько платишь за связь МТС еще и за кион, вообще обнаглели
2025-09-10 09:37:46.000000;КИОН;WEB;после оплаты не пришел промокод
2025-09-10 14:00:35.000000;КИОН;WEB;Отключила подписку, а деньги списались. Обратилась в поддержку: сказали, что подписок нет подключённых. Потом оператор сказал, что вернут деньги, но подписка каким-то образом не отключилась. Может быть, технический сбой, а может стратегия получения денег, если клиент не заметит. Если второе, то это не способствует желанию пользоваться KION дальше.
2025-09-12 01:52:16.000000;КИОН;WEB;кион говно и мтс тоже
2025-09-12 09:51:06.000000;КИОН;WEB;Тормозит, выбор у конкурентов лучше..... А вообще, какая разница, все равно скоро всех отключат((((
2025-09-13 12:00:53.000000;КИОН;WEB;На ОЗОНе баллы накопились, а так я у вас в первй раз.)))
2025-09-14 12:24:47.000000;КИОН;WEB;НЕКОРЕКТНАЯ РАБОТА И ОПРЕДЕЛЕНИЕ МЕСТОПОЛОЖЕНИЯ
2025-09-14 13:58:59.000000;КИОН;WEB;Тупой криворукий поиск по сайту. Не возможно отфильтровать по жанру - сртане съемки. На главной всегда высвечиваются популярные говносериалы и фильмы, а вот найти что-то интересное по жанру не представляется возможным. Или я просто тупой и не разобрался как это сделать.
2025-09-15 12:34:55.000000;КИОН;WEB;не запускается выдаёт ошибку другого браузера просит запустить , запускаешь в другом тоже самое.,давно не пользовалась, оформила подписку тоже самое, полное разочарование
2025-09-15 20:51:24.000000;КИОН;WEB;я отключила подписку, была уверена в этом,что даже не проверяла и естественно не заходила на платформу.А оказалось, что все лето у меня списывалось по 200 руб, а сегодня списалось 399 руб.Это воровство вообще то
2025-09-16 01:44:24.000000;КИОН;WEB;Не занимаюсь рекомендациями подписок
2025-09-16 19:53:41.000000;КИОН;WEB;ужасная навигация, ужасное управление избранным, невозможно из избранного запускать любимые каналы, перегруженность информацией на странице воспроизведения видео, всё намешено в кучу
2025-09-17 03:07:30.000000;КИОН;WEB;Меня терзают смутные сомнения
2025-09-17 04:58:19.000000;КИОН;WEB;Служба помощи работает отвратительно. Переписку веду третий день помощи нет! Долго не отвечают. Ждёшь час. Приходит ответ как будто ответили сразу. Вообщем не приятно
2025-09-17 07:31:42.000000;КИОН;WEB;Нет полноэкранного режима когда смотришь на телефоне
2025-09-17 22:00:14.000000;КИОН;WEB;Списывают деньги при отключённой подписке
2025-09-18 07:30:00.000000;КИОН;WEB;НЕ ДАЕТЕ ОТКЛЮЧИТ ПОДПИСКУ. это противозаконно . прошу отменить подписку на моем номере!!!!!!!!
2025-09-18 21:56:34.000000;КИОН;WEB;постоянная ошибка не включает приложение
2025-09-18 22:59:59.000000;КИОН;WEB;Включение на максимальной громкости.Низкое качество воспроизведения.
2025-09-20 00:53:16.000000;КИОН;WEB;ну как бы сходу: 1. набор (многое отсутствует как и в других сервисах в принципе) 2. нет проигрывания картинка в картинке!!! 3. авто-промотки вступлений нет, приходится вставать с дивана нажимать пропустить
2025-09-20 00:41:31.000000;КИОН;WEB;Невозможно отменить подписку, безрезультатно пытаюсь это сделать не первый день. Служба поддержки не отвечает, кнопки отмены в личном кабинете не работают. Что делать? Писать об этом во всех соцсетях? Надеюсь на обратную связь.
2025-09-21 15:01:02.000000;КИОН;WEB;Нельзя выбрать серию
2025-09-21 17:44:45.000000;КИОН;WEB;После перехода на страницу фильма обратно вернуться можно только в начало каталога. То есть почитал про фильм, будь добр потом снова искать места, откуда на него перешел
2025-09-21 18:56:02.000000;КИОН;WEB;не работает в браузере сафари
2025-09-22 19:58:26.000000;КИОН;WEB;виснет тормозит
2025-09-23 04:00:16.000000;КИОН;WEB;Чтобы отвязать карту он перебрасывает на другой сайт, вы сделали максимально не удобный сайт в управление подпиской
2025-09-23 10:50:35.000000;КИОН;WEB;не удобная навигация
2025-09-23 15:57:30.000000;КИОН;WEB;Отключение матч-премьер
2025-09-23 21:36:23.000000;КИОН;WEB;сделали покупку без моего ведома
2025-09-25 05:44:19.000000;КИОН;WEB;есть кинопоиск, фильмы одинаковые
2025-09-25 12:30:37.000000;КИОН;WEB;оформил подписку для просмотра кхл ,а посмотреть на компьютере не могу!!за чем мне такая подписка....
2025-09-26 19:54:50.000000;КИОН;WEB;Пропал сериал, который я смотрела, написала в поддержку, 40 минут игнорирования. В итоге разобралась сама
2025-09-27 12:45:36.000000;КИОН;WEB;Вы незаконно взяли данные моей карты и оформили подписку
2025-09-27 12:58:01.000000;КИОН;WEB;нету на смарт тв и мало сериалов
2025-09-27 21:40:32.000000;КИОН;WEB;ЕСЛИ БЕРЕТЕ деньги за подписку какой нахер контент и запрет
2025-09-29 13:41:15.000000;КИОН;WEB;Не возможно отключить подписку
2025-08-01 09:57:24.000000;Интернет-магазин;WEB;Зачем делать платный самовывоз? Надо добавить опцию бесплатного самовывоза товаров в салонах, где товар в наличии
2025-08-03 09:00:44.000000;Интернет-магазин;WEB;нет товара в наличие по городу, приедет только через неделю и ещё просите 499р за ожидание и самовывоз
2025-08-03 03:21:07.000000;Интернет-магазин;WEB;сделал заказ купить новый смартфон, приехал в магазин - смартфон весь поцарапанный, битый, с чужой сим-картой. Звонил в поддержку - 0.
2025-08-03 18:55:38.000000;Интернет-магазин;WEB;Информация о рассрочке скрыта и о доп.услугах узнаешь только на последнем этапе оформления
2025-08-04 05:28:53.000000;Интернет-магазин;WEB;1. Очень тормозит 2. Нужных товаров нет в наличии 3. Кнопка характеристики... Вы б ее в самый конец бы засунули к херам 4. Жму на одно, открывается другое
2025-08-05 02:53:11.000000;Интернет-магазин;WEB;Рассрочку как оформить?
2025-08-05 17:01:06.000000;Интернет-магазин;WEB;было заявлено, что сертификат поступить в смс на мобильный через который предзаказ оформляла, а он не поступил, то есть заявленное не соответствует реальным действиям, что расстраивает и магазин из-за этого теряет моё доверие
2025-08-09 13:28:16.000000;Интернет-магазин;WEB;заказал наушники с доставкой. на сайте гордая надпись что упаковка у разных видов товара может быть вскрыта так как проводим ДОПОЛНИТЕЛЬНУЮ ПРОВЕРКУ КАЧЕСТВА. В итоге позвонили сказали что они бракованные и отменили заказ. Теперь еще нужно ждать когда деньги вернуться. А про то что доставка платная и даже не в пункт выдачи а в один из салонов это вообще так себе идея
2025-08-09 23:03:54.000000;Интернет-магазин;WEB;МТС один из самых худших магазинов, на мой взгляд, честно. Маленький выбор (просто для примера, смартфоны Realme на 09.08 намного больше выбор у Билайна и Мегафона, про маркетплейсы молчу), высокие цены, нельзя купить больше 2 одинаковых товаров физлицу (где еще такой абсурд?) , платный самовывоз на ряд товаров и ноль лояльности покупателям. Просто позор какой-то, а не магазин.
2025-08-10 13:01:21.000000;Интернет-магазин;WEB;Ещё не получил зарплату
2025-08-10 21:01:06.000000;Интернет-магазин;WEB;Заманиваете покупателей враньем про про рассрочку бес всего лишнего, а сами потом просите набрать доп аксессуары. Фу на вас
2025-08-11 16:58:32.000000;Интернет-магазин;WEB;НАХЕРА ВСЯКУЮ Б/У СУВАТЬ??? ЕСЛИ Я ЗАХОЧУ ГОВНА - Я ПОСТАВЛЮ В ФИЛЬТРЕ Б/У. ЕСЛИ ПРОСТО СМАРТФОН - ТО ЭТО НЕ КАК НОВЫЙ, А ПРОСТО НОВЫЙ!!!
2025-08-12 17:55:26.000000;Интернет-магазин;WEB;Много косяков при оформлении заказа по акции. То, что написано в условиях, по факту не работает.
2025-08-13 13:56:12.000000;Интернет-магазин;WEB;Делал три заказа подряд, первые два заказа товар был в итоге с дефектом, третий заказ товар витринный. Но нигде не пишется это и никто не сообщает. Никому не порекомендую магазин
2025-08-14 05:46:35.000000;Интернет-магазин;WEB;Скудный товар, высокие цены, ПЛАТНАЯ доставка при самовывозе!!!
2025-08-14 15:59:25.000000;Интернет-магазин;WEB;Сайт ужасно медленный. Поиск работает очень плохо. Товара мала. То что есть в магазинах МТС на сайте не найти.
2025-08-15 01:55:18.000000;Интернет-магазин;WEB;В моем городе есть магазин МТС но он не показывается в интернет магазине
2025-08-14 19:52:24.000000;Интернет-магазин;WEB;Дорого, нет многих позиций. Платная доставка КАРЛ
2025-08-17 23:57:06.000000;Интернет-магазин;WEB;Инет почините блять
2025-08-18 10:57:25.000000;Интернет-магазин;WEB;При оформлении заказа одни договорённости, при получении вдруг всё меняется.
2025-08-19 15:50:39.000000;Интернет-магазин;WEB;Нет доставки товаров в один магазин.
2025-08-23 05:56:18.000000;Интернет-магазин;WEB;И цены высокие, и нет того, что искал.
2025-08-23 12:59:34.000000;Интернет-магазин;WEB;Отвратительно! Работа в рамках обращения(претензии).
2025-08-24 15:00:04.000000;Интернет-магазин;WEB;Не могу найти наличие в конкретных магазинах
2025-08-26 19:58:14.000000;Интернет-магазин;WEB;Почему кэшбэк, переведенный на свчзь, оказывается в интернет магазине?
2025-08-27 08:52:01.000000;Интернет-магазин;WEB;сделали заказ на определенную дату, но заказ не привезли ни в дату назначенную, ни на следующий день! заказ оплачен полностью до получения! Ощущение мошенничества!!!
2025-08-27 10:10:15.000000;Интернет-магазин;WEB;Запутанная система с баллами! Цены не адекватные. к примеру, iphone 16 128 в нормальном магазине можно купить за 59, у вас же он стоит 78. Какой дурачок купит телефон на 25% дороже?
2025-08-29 20:58:40.000000;Интернет-магазин;WEB;Просто смотрю
2025-08-30 04:44:16.000000;Интернет-магазин;WEB;Обман с рассрочкой, это кредит под 24%
2025-08-31 10:02:14.000000;Интернет-магазин;WEB;Все вышеперечисленняе варианты ответа.
2025-08-03 08:57:09.000000;Интернет-магазин;WEB;Сделала заказ на самовывоз товара. Пришли в этот же день забрать, после смс уведомления. Сотрудник магазина не смог выдать товар, тк не смог открыть дверцу витрины. Ушли без заказа соответсвенно.
2025-08-05 09:56:51.000000;Интернет-магазин;WEB;Я не купил телефон, нужно было вносить данные паспорта. Его не было под рукой.
2025-08-05 12:58:31.000000;Интернет-магазин;WEB;Плохо работает сайт а также завышенные цены .
2025-08-05 16:10:55.000000;Интернет-магазин;WEB;В рекламе написано рассрочка на 24 месяца в условиях нет ни слова о дополнительных товарах ! А при оформлении меня обязывают взять дополнительный товар ! На каком основании
2025-08-06 11:02:22.000000;Интернет-магазин;WEB;Во первых, история с одним из моих заказов, когда МТС сильно обманул с кешбэком. Во вторых, цены намного выше чем на маркетплейсах. Даже выше, чем в Мегафоне и Билайне. У меня накопилось почти 7000 баллов за использование сервиса МТС Тревел, который накрылся, поэтому придется что-нибудь купить здесь, к сожалению.
2025-08-07 06:55:40.000000;Интернет-магазин;WEB;Цена не конкурентная, мало товарных позиций. Списания кэшбека всего 50%(
2025-08-07 11:59:41.000000;Интернет-магазин;WEB;Обман. Заказали телефон, а его якобы случайно не оказалось (((( Мне сегодня нужен телефон, а не деньги через 5 дней!!!!! Значит должны были попытаться решить вопрос, предложить другой расцветки. А не просто отменять. Длительное много отзывов по вашей работе......
2025-08-07 19:00:12.000000;Интернет-магазин;WEB;Неактуальные данные про скидку, неверные данные о товаре, слишком сложная система покупки телефона без сим-карты, отвлекающие элементы, неудобный интерфейс
2025-08-07 19:16:12.000000;Интернет-магазин;WEB;Ошибка 403. Цена всегда в 2 раза выше чем в других магазинах. Бонусами нельзя оплатить 100% стоимости товара. Платная доставка до магазина за 199 рублей. Маленький выбор всего. Неактуальные модели телефонов, устаревшие на 3 года. В списке товаров показываются товары которых нет в наличии. И так далее. Сами попробуйте использовать свой интернет-магазин как покупатель.
2025-08-08 09:57:58.000000;Интернет-магазин;WEB;1. Очень маленький ассортимент на территории НН 2. Постоянно всплывающие баннеры, выезжающие экраны с рекламой. Жутко мешает использованию сайта
2025-08-08 15:51:24.000000;Интернет-магазин;WEB;На сайте СИМ карты продаются по одной цене, при выдаче заказа требуют доплатить 50 процентов от стоимости заказа. Это что такое?
2025-08-08 18:03:21.000000;Интернет-магазин;WEB;при добавлении товара в корзину была скидка в размере 10000р на трейд-ин, заказала телефон, на след день скидка исчезла, хорошо перед поездкой в магазин проверила, так же на оф сайте есть реклама ,в которой указано что при покупке самсунга с24 фе наушники идут в подарок, в итоге в корзине акция не сработала
2025-08-09 17:03:21.000000;Интернет-магазин;WEB;долгое ожидание товара по предзаказу, когда в других магазинах он уже в наличии
2025-08-12 13:49:39.000000;Интернет-магазин;WEB;ребят, у вас очень высокие цены, даже с учетом кешбеков. это ужасно, не хочется у вас ничего покупать. а что самое позорное кмк -- это то что вы товары с вашего магазина на вайлберис продаете существенно дешевле. прям какое-то издевательство над теми, кто посещает ваш сайт
2025-08-12 22:54:52.000000;Интернет-магазин;WEB;Еще не успела решить или выбрать, просто смотрю
2025-08-14 02:57:39.000000;Интернет-магазин;WEB;Не отписаться
2025-08-15 16:00:52.000000;Интернет-магазин;WEB;Надо изучить и сравнить цены
2025-08-15 18:03:11.000000;Интернет-магазин;WEB;отвратительное оформление каталога, не понять что предложено пока не заглянул в карточку!
2025-08-16 07:56:38.000000;Интернет-магазин;WEB;Просто не удобный и не привлекательный магазин. Оформление интерфейса не соответствует высокотехнологичному образцу бренда МТС. Как будто школьник на коленке делал дизайн магазина.
2025-08-16 22:03:06.000000;Интернет-магазин;WEB;Нереально купить телефон и аксессуары к нему (чехол, защитную плёнку/стекло, зарядное устройство) в одном магазине.
2025-08-18 06:54:47.000000;Интернет-магазин;WEB;Доставка по Москве платная , единственный интернет-магазин, где такая практика
2025-08-24 22:53:17.000000;Интернет-магазин;WEB;На дополнительные комплекты нет подробного описания. Много ссылок, чтобы узнать полную информацию.
2025-08-25 09:35:25.000000;Интернет-магазин;WEB;Зачем то в перечне товаров, полно товаров которых нет в наличии и не будет. Сайт какой то заброшенный.
2025-08-25 17:01:07.000000;Интернет-магазин;WEB;ДИСКРИМИНАЦИЯ ПО ОТНОШЕНИЮ К НАРОДУ ПРОЖИВАЮЩЕМУ В ГЛУБИНКЕ .
2025-08-25 20:02:49.000000;Интернет-магазин;WEB;Некомпетентные сотрудники
2025-08-27 00:04:19.000000;Интернет-магазин;WEB;Ещё не совершала покупок
2025-08-27 03:57:02.000000;Интернет-магазин;WEB;Не нравится мтс
2025-08-27 11:07:36.000000;Интернет-магазин;WEB;Заказал ночью. Утром рано пришел в салон ... Простоял 35 мин заказ не выдали. Надо смс. . Отпряли код подтверждения заказа.. Телефон не покащывабт. Ждём... .5 минут ждем смс... Сняли елиенственный аппарат с витрины. Включить не получилось Поставили на зарядку. С учетом дроги поткрял 55 минут. Зашел в соседний магазин. Вставил симку.. Проверил работу... Мтс никогда больше ничего не куплю
2025-08-27 21:07:47.000000;Интернет-магазин;WEB;Потому что нехорошо заниматься мошенничеством. Акция по HUAWEI Nova Y72S 8/128 Гб . Вы в наглую завысили цену в 2 раза... Поставили цену 16990, хотя даже на самых дорогих магизинах он стоит 10 000. Ведь можно купить 2 таких телефона и еще 980рублей останется. Ну почему у вас всегда так? Всегда только обман? Ну вот почему??? Почему нельзя сделать честную акцию?
2025-08-28 14:00:57.000000;Интернет-магазин;WEB;вместо кнопки заполнить анкету кнопка настроить рассрочку
2025-07-02 21:59:04.000000;Интернет-магазин;WEB;Под видом новых,на пунктах выдачи витринные образцы,но при заказе через интернет магазин это ни где не указывается.
2025-07-04 08:45:59.000000;Интернет-магазин;WEB;Вы дол......ы, цены видели? Почти на все они выше. Товар на сайте без авторизации есть, заходишь в лк - его нет. Мусорка, а не мараз...
2025-07-04 13:00:21.000000;Интернет-магазин;WEB;Цены раза в 2 выше чем на маркет плэйсах, доставка платная в ваши салоны, неадекватно дорогая доставка на дом, баллы мтс кэшбек некуда девать.
2025-07-04 15:56:35.000000;Интернет-магазин;WEB;характеристики товара неполные
2025-07-05 00:59:18.000000;Интернет-магазин;WEB;пидоры на поддержке
2025-07-06 06:50:18.000000;Интернет-магазин;WEB;Совокупность факторов: заказ оформляется и оплачивается неудобно, само приложение работает очень медленно, а в этой анкете нет возможности выбрать 2 варианта)))
2025-07-08 15:54:27.000000;Интернет-магазин;WEB;Тянули время и не отдали в итоге заказ
2025-07-14 00:00:24.000000;Интернет-магазин;WEB;Все
2025-07-17 12:10:46.000000;Интернет-магазин;WEB;Отвратительный поиск по каталогу! зачем выдается информация про то, чего нет в продаже???
2025-07-19 17:00:37.000000;Интернет-магазин;WEB;Прикрытие федеральным законом удержание ДС своих клиентов незаконным путем
2025-07-20 10:55:03.000000;Интернет-магазин;WEB;Мало товаров, доставки половины этого товара нет
2025-07-23 20:06:34.000000;Интернет-магазин;WEB;5 - это нейтрально
2025-07-25 12:05:07.000000;Интернет-магазин;WEB;Техника цене как в дорогом магазине. Стала плохо работать. Сотрудники офлайн магазина с трудом, но всё же приняли Устройство для ремонта. После нескольких попыток решить этот вопрос и обращения в службу поддержки. На вопрос сколько обычно составляет время ремонта, сотрудник магазина дал ответ, что обычно не более недели. Тем временем статус ремонта долгое время не обновлялся. Если правильно понимаю, устройство просто пылилось на складе.
2025-07-26 12:54:51.000000;Интернет-магазин;WEB;брать деньги за самовывоз из магазина, в котором все есть в наличии - это дно
2025-07-26 22:58:48.000000;Интернет-магазин;WEB;все операторы НАЕБЫВАЮТ
2025-07-30 15:21:46.000000;Интернет-магазин;WEB;ну камон! я даже в этом опросе не могу выбрать два варианта. для меня есть две большие проблемы — цены выше, чем у конкурентов и усложненный интерфейс
2025-07-02 10:54:46.000000;Интернет-магазин;WEB;Нельзя полностью оплатить товар кэшбэком как раньше. Очень дорого. Дешевле купить на любом маркетплейсе
2025-07-01 05:46:20.000000;Интернет-магазин;WEB;Скромненько и без фантазии
2025-07-01 11:57:55.000000;Интернет-магазин;WEB;Пришел товар с царапинами и сколами.
2025-07-02 16:56:01.000000;Интернет-магазин;WEB;Нет объективных и честных отзывов. Только положительные. На других ресурсах приходится смотреть отзывы. Друзьям не порекомендую
2025-07-02 23:59:10.000000;Интернет-магазин;WEB;Нет доставки в назначенное время
2025-07-03 05:01:31.000000;Интернет-магазин;WEB;Скудный ассортимент, плохо и медленно работает.
2025-07-05 04:55:59.000000;Интернет-магазин;WEB;1) На многие позиции нет доставки 2) Вы продаёте очень много витринных, вскрытых товаров и нигде об этом не предупреждаете. Чуть ниже подробнее: Пост Orelboy Книга жалоб Пост - предупреждение о магазине МТС⁠⁠ 1 год назад 421 Предупреждён - значит вооружён © [ИМЯ] Для Лиги Лени: очередной пост-нытьё об очередном магазине электроники, но всё-таки в нём будут полезные рекомендации по покупке товаров в магазине МТС. Выводы и пару полезных советов в конце. Далее по существу: Возникла у меня необходимость купить бюджетный смартфон (для мультиков ребёнку, так как любит смотреть именно на телефоне) Магазин МТС выбран по той причине, что у меня завалялось около 6000 мтс бонусов + есть корпоративная скидка (от работы) на покупки в этом магазине. Сразу скажу, что я уже осуществил 2 попытки купить смартфон и обе они неудачные. В чём суть. 30.04.2024 я выбрал и заказал смартфон Infinix note 12 (2023), да-да, именно такое название. В магазине на момент покупки были доступны все цвета. Номер заказа 77817376 (может пригодиться при разборе полётов). На следующий день поступило смс о готовности заказа и я выехал в магазин. Приехав и назвав номер заказа на кассе мне принесли телефон и дальше начинается интересное, коробка вскрыта, при осмотре на телефоне обнаружен скол на боковой грани и царапины в районе зарядки. Проще говоря это витринный образец. Естественно нигде об этом не было предупреждения. Далее через переписку в чате с поддержкой выясниться, что МТС не считает такой телефон БУ. Но это ладно, самое печальное, что и не предупреждают. Далее я решил войти в ту же реку, но немного с другого места. Я выбрал другой смарфтон и посмотрел, чтобы их было много в наличии. На этот раз выбор пал на Techno Pova 5. Этот телефон с таким же процессором как и предыдущий и в принципе идентичен по характеристикам. На момент покупки был в наличии в 46 магазинах (Москва). Дата оформления в интернет-магазине 03.05.2024, номер заказа 77879008. Иду в магазин и история повторяется. Снова витринка и снова поцарапанная, на этот раз без скола. Звоню в техподдержку и прошу выяснить есть ли новый телефон такой, оказывается есть, но далеко от меня, а доставки даже в собственную сеть у них нет. PS: Сайт shop.mts.ru работает отвратительно. Он не сохраняет сессию, хотя при заходе указываешь галочку, чтобы не выходил.
2025-07-05 05:42:27.000000;Интернет-магазин;WEB;Оформил заказ, не смог его получить.
2025-07-05 17:03:57.000000;Интернет-магазин;WEB;Доставка
2025-07-05 20:01:21.000000;Интернет-магазин;WEB;Однажды после покупки колонки, не начислили бонусы. Мурыжили три месяца, все что то проверяли, в итоге сказали, что я не успел выкупить товар. Хотя какая разница, главное, что успел заказ оформить.
2025-07-08 15:50:36.000000;Интернет-магазин;WEB;Предлагаете рассрочку но не даёте
2025-07-11 18:58:33.000000;Интернет-магазин;WEB;не выполняется уже оплаченный заказ, срок ожидания уже превышен в 3 раза от обещанного, очень похоже на мошенничество. А друзьям мошенников не советуют
2025-07-11 18:58:18.000000;Интернет-магазин;WEB;Цена на доставку в другой город значительно дороже
2025-07-13 18:56:58.000000;Интернет-магазин;WEB;почти на всех трубках нет всей(полной) информации,процерки стоят
2025-07-13 14:10:24.000000;Интернет-магазин;WEB;МТС еврейский оператор
2025-07-14 09:59:19.000000;Интернет-магазин;WEB;Маленький срок резерва заказа
2025-07-15 03:13:04.000000;Интернет-магазин;WEB;Свой смартфон заменить.
2025-07-16 02:51:07.000000;Интернет-магазин;WEB;Высокие тарифы
2025-07-16 12:53:39.000000;Интернет-магазин;WEB;Приложение для ios не имеет кнопки «назад». Когда ищешь что-то и сравниваешь, просто неудобно, до раздражения…
2025-07-17 11:51:20.000000;Интернет-магазин;WEB;ребят, ваши цены существенно выше чем в целом по маркетплейсам, магазинам. при этом сами продаете свои товары на площадках типа WB с большими скидками. а здесь цена всегда выше и даже смысла нет иметь кешбек в МТС бонусах, т.к. даже с ним цена выше чем вы продаете на маркетплейсах.
2025-07-24 09:46:31.000000;Интернет-магазин;WEB;не могу дождаться окна про подписку на рассылку для получения скидки
2025-07-24 20:02:01.000000;Интернет-магазин;WEB;Оформил заказ 87254344. Проехал 80км, потратил час времени, чтобы узнать, что телефон в магазине лежит бракованный Крайне не доволен уровнем сервиса.
2025-07-25 07:53:15.000000;Интернет-магазин;WEB;Медленный сайт ,доставка просто ужас!!!
2025-07-26 17:56:43.000000;Интернет-магазин;WEB;Сайт работает хреново. Описание к тарифу нормального нет, какая скорость инета, сколько Гб, как переносятся остатки, ничего не написано.
2025-07-27 14:53:29.000000;Интернет-магазин;WEB;Постоянно отсутствуют нужные товары.
2025-07-29 04:36:01.000000;Интернет-магазин;WEB;ДАРИТЕ ПРОСРОЧЕННЫЕ СКИДКИ И ПРОМОКОДЫ.ПРИ ДОБАВЛЕНИИ ТОВАРА В КОРЗИНУ ЦЕНА ТОВАРА ЗНАЧИТЕЛЬНО ВОЗРАСТАЕТ
2025-07-29 12:07:54.000000;Интернет-магазин;WEB;Нет мобильного приложения. Выбор товаров ограничен.
2025-07-30 14:00:02.000000;Интернет-магазин;WEB;Нет бесплатной доставки до сетевых магазинов
2025-06-01 13:07:03.000000;Интернет-магазин;WEB;Нет предлагаемых товаров в магазинах. На весь огромный город нет. И доставка в таких случаях платная, что очень необычно для такой крупной сети. Подключился к Мтс-премиум, но эти бонусы мне тратить некуда. Выдача заказов в магазинах максимально усложнена. Может быть свободный работник, но он занят тем, что приветствует входящих и говорит - идите в эту очередь. При этом выдача заказа дело на 1.5 минуты, это не оформление договора. Был три раза в магазинах Мтс. Все три раза сотрудницы сидели с грустными выражениями лиц. Проще всего это описать так - противозачаточное выражение лица. Буду отключаться от Мтс-премиум, так как это бесполезно, ещё и абонентская плата за эту радость неадекватная получаемым плюсам (для меня). Вынужден всем говорить, что никому это не советую. Однако, думал, что всё будет наоборот.
2025-06-02 17:58:27.000000;Интернет-магазин;WEB;Компания в общем не очень стала в последнее время
2025-06-02 19:56:13.000000;Интернет-магазин;WEB;Инвалиду приходится платить курьерк
2025-06-03 18:57:50.000000;Интернет-магазин;WEB;Приехал за подтвержденным заказом, а товара не было. Зачем делаете подтверждение? Потерял много времени. Обидно!!!
2025-06-03 22:57:40.000000;Интернет-магазин;WEB;Описание, характеристики.
2025-06-05 12:58:42.000000;Интернет-магазин;WEB;Купили ребёнка часы. Aimoto. Пряжка на ремешке давит руку. Заехали сегодня в салон, в Мега Химки. . Хотели поменять ремешок. Нам сказали, что ремешков в продаже нет, а часы на возрат-обмен не принимают.
2025-06-08 16:00:34.000000;Интернет-магазин;WEB;Не смог найти Калининград
2025-06-10 01:03:00.000000;Интернет-магазин;WEB;Недостаточное количество фильтров. Ошибки в описании товара. Пример, в описании указан один процессор, а в характеристиках другой.
2025-06-10 19:58:46.000000;Интернет-магазин;WEB;дата получения заказа 10.06 , магазин уже закрылся , а доставка не пришла
2025-06-11 08:57:16.000000;Интернет-магазин;WEB;Нет возможности заказать нужный смартфон в удобный для получения магазин. предлагает забрать только в одном магазине и сейчас. Я готова подождать, чтобы привезли смартфон через несколько дней в нужный мне магазин, но так оформить не дает
2025-06-14 10:56:30.000000;Интернет-магазин;WEB;Не известно товар последний или с витрины, заказываешь и получаешь кота в мешке
2025-06-15 11:51:51.000000;Интернет-магазин;WEB;Дорогая ежедневная оплата
2025-06-17 12:00:47.000000;Интернет-магазин;WEB;нет телефона нужного цвета
2025-06-19 16:59:33.000000;Интернет-магазин;WEB;малый ассортимент, пости всех товаров нет в наличии
2025-06-20 05:50:39.000000;Интернет-магазин;WEB;Очень мало товара в наличии в салонах
2025-06-20 17:55:08.000000;Интернет-магазин;WEB;Неудобно, что каждая позиция представлена во всех размерах как отдельный товар. Мне было бы удобнее зайти в карточку товара и там уже выбрать размер.
2025-06-21 19:07:38.000000;Интернет-магазин;WEB;фильтрация тихий ужас
2025-06-21 22:05:20.000000;Интернет-магазин;WEB;Не понятно образование цен... Реклама на главной странице 40% скидки на смартфоны, по итогу дороже на 30% чем в нормальных магазинах продающих телефоны... Скидки воображаемые...
2025-06-22 18:58:16.000000;Интернет-магазин;WEB;Нет доставки курьером в Пушкин
2025-06-24 12:50:16.000000;Интернет-магазин;WEB;Не работает сайт вообще, написано что можно в рассрочку, выдает оплату только картой... позор...
2025-06-25 16:03:20.000000;Интернет-магазин;WEB;Чё пристали ! не могу дальше делать выбор в вашем магазине, невозможно отвязаться от этого дурацкого опроса !
2025-06-26 05:52:13.000000;Интернет-магазин;WEB;Некоторые товары только с доставкой, которая дороговата и неудобна.
2025-06-27 14:00:19.000000;Интернет-магазин;WEB;Маленький ассортимент и много нет в наличии
2025-06-28 08:59:24.000000;Интернет-магазин;WEB;… купил телефон, а он НЕ РАБОТАЕТ … 10 рабочих дней для того , чтобы устранить проблему … с 17 июня по 30 июня будут решать проблему … ИТОГ : телефона НЕТ , денег НЕТ !!! Сайт не работает , чтобы узнать СТАТУС проблемы … ужас , а не сервис …
2025-06-28 13:04:20.000000;Интернет-магазин;WEB;нет не чего
2025-06-28 19:55:14.000000;Интернет-магазин;WEB;Отвратительная репутация магазина и отношение к клиентам
2025-06-29 10:54:03.000000;Интернет-магазин;WEB;Регулярно вводящая в заблуждение реклама и недостоверная информация по акциям.
2025-06-29 21:58:21.000000;Интернет-магазин;WEB;Одно сплошное вранье!!!!!! Как и вся ваша контора
2025-06-30 20:02:08.000000;Интернет-магазин;WEB;Карточки товара плохо заполнены (характеристики устройств). Цены не очень выгодные на многие лоты, по сравнению с другими магазинами в нашем городе. Дизайн хороший, но с технической точки зрения - провал, нет нужных фильтров в поиске. У ДНС или Яндекс.Маркета фильтры лучше, проще отсеять то, что не нужно.
2025-06-01 22:59:53.000000;Интернет-магазин;WEB;ДОРОГО
2025-06-01 18:00:22.000000;Интернет-магазин;WEB;Нет доставки в мой город
2025-06-02 18:59:34.000000;Интернет-магазин;WEB;Нет моего города, хотя мтс у нас есть и не один
2025-06-03 03:37:18.000000;Интернет-магазин;WEB;продажа контрафакта
2025-06-03 09:58:49.000000;Интернет-магазин;WEB;Маленький ассортимент
2025-06-04 11:59:38.000000;Интернет-магазин;WEB;Проблемы с возвратом
2025-06-04 16:58:53.000000;Интернет-магазин;WEB;В салоне отказываются выдавать заказанный товар
2025-06-08 00:53:10.000000;Интернет-магазин;WEB;Выбрасывает из магазина и сбрасывает параметры поиска интерисующего товара. Показывается товар гтсутствующий в продаже.
2025-06-08 17:02:55.000000;Интернет-магазин;WEB;нет конкретной инфы,непонятно как получить промокод и т.д
2025-06-10 00:00:31.000000;Интернет-магазин;WEB;Нет моего города
2025-06-10 21:00:08.000000;Интернет-магазин;WEB;Нет бишкека!!!!!
2025-06-11 23:55:46.000000;Интернет-магазин;WEB;На странице рада товаров (например Айфон 16 256 гб, айфон 15 256 гб) указано, что можно оплатить с помощью яндекс сплит, но при оплате этого сделать нельзя
2025-06-13 15:01:50.000000;Интернет-магазин;WEB;Положил товар в корзину. Начал оформлять покупку. Отвлекся на несколько минут- товар из корзины исчез и больше его нет в каталоге.
2025-06-17 03:02:47.000000;Интернет-магазин;WEB;предлагаете кешбек бонусами, а из бонусной программы меня исключили, хотя продолжали начислять бонуссы, за свои косяки... вощем безобразие. можно и дешевле найти, и выгоднее
2025-06-17 13:21:45.000000;Интернет-магазин;WEB;Создаются мошенническим путем заявки на чужие номера
2025-06-18 19:17:02.000000;Интернет-магазин;WEB;сложно выкупить подтверждённый заказ
2025-06-19 13:03:27.000000;Интернет-магазин;WEB;Служба поддержки отсутствует
2025-06-20 06:56:32.000000;Интернет-магазин;WEB;Мало товара из бытовых для приобретения
2025-06-21 12:56:13.000000;Интернет-магазин;WEB;Оператор МТС не смогла дать развёрнутый ответ по поводу получения карты МТС Деньги Достоверно известно, что её можно получить при покупке sim карты.
2025-06-21 17:58:40.000000;Интернет-магазин;WEB;Не все товары в наличии
2025-06-21 22:06:43.000000;Интернет-магазин;WEB;Цены...
2025-06-22 19:55:38.000000;Интернет-магазин;WEB;невозможно оформить доставку заказа на нужный адрес или самовывоз из бесчисленного количества пвз
2025-06-23 19:06:48.000000;Интернет-магазин;WEB;Товар пришел в коробке со следами вскрытия, поддержка ответила, что перед отправкой осуществляется проверка товара на работоспособность. При оформлении покупки подобные уведомления отсутствовали. Есть сомнения, что товар б/у, или с полки, или халатность персонала.
2025-06-24 00:11:54.000000;Интернет-магазин;WEB;нет вкладки где можно проверить сразу же наличие в магазине, без перехода в корзину, чтоб сразу узнать могу ли я забрать уже завтра или мне доставят товар только через какое-то время
2025-06-27 11:51:48.000000;Интернет-магазин;WEB;Платный самовывоз
2025-06-30 05:48:10.000000;Интернет-магазин;WEB;Большая часть заказов отменена из-за отсутствия товара в пункте выдачи или неудовлетворительного его состояния!
2025-06-30 20:57:09.000000;Интернет-магазин;WEB;Платный самовывоз. За вход в магазин еще введите плату.
2025-09-30 04:41:33.000000;Интернет-магазин;WEB;Понадобились умные лампочи. 5 штук. Офоромить заказ можно только как юрлицо, а обычным плебеям больше 2 нельзя покупать. Бред.
2025-09-30 10:54:54.000000;Интернет-магазин;WEB;Отмены заказов
2025-09-02 00:54:49.000000;Интернет-магазин;WEB;когда открыто несколько окон для разных моделей телефонов, невозможно из каждого окна положить модель в сравнение, чтобы во втором окне оно уже там было. НикПолучаетсявавапчто
2025-09-06 11:56:12.000000;Интернет-магазин;WEB;Все пункты
2025-09-06 15:59:56.000000;Интернет-магазин;WEB;Плохо работает интернет,не качественный ремонт телефона,Айфона.
2025-09-08 01:52:24.000000;Интернет-магазин;WEB;Нахожусь в Крыму
2025-09-09 05:50:07.000000;Интернет-магазин;WEB;Как правило товара в точке выдачи нет или он не удовлетворительного качества. Заявленные скидки редко подтверждаются фактически. Каждая моя покупка в МТСшоп - это всегда очень много потраченного времени и нервов!!!
2025-09-09 10:57:04.000000;Интернет-магазин;WEB;невозможно вернуть деньги за неисправный товар
2025-09-12 02:54:27.000000;Интернет-магазин;WEB;Не получилось оформить сим-карту. Вышла ошибка «что-то пошло не так»
2025-09-12 04:38:03.000000;Интернет-магазин;WEB;Платный самовывоз?
2025-09-13 10:57:23.000000;Интернет-магазин;WEB;Оформлен заказ через интернет магазин, пришло смс о том, что заказ готов к выдаче, но в точке продаж его не оказалось. Теперь срок решения вопроса 3 дня, это жесть. Хотя товар есть в наличии в магазине и думаю можно его быстро собрать и отдать, но нет ждите 3 дня
2025-09-15 05:50:52.000000;Интернет-магазин;WEB;Пока ничего не заказывал думаю ещё
2025-09-15 15:00:28.000000;Интернет-магазин;WEB;Не выгодные комплекты в предтожениях
2025-09-16 03:03:28.000000;Интернет-магазин;WEB;нет кнопки по наличию. сидишь помойку листаешь то предзаказ то старье как гавно маманта нет в продаже
2025-09-18 20:01:04.000000;Интернет-магазин;WEB;Введение в заблуждение. Написано, что рассрочка от 4166, но по факту такой не существует.
2025-09-21 03:03:19.000000;Интернет-магазин;WEB;Фильтр поиска выдаёт неправильный результат. Врёт всё время.
2025-09-21 16:56:59.000000;Интернет-магазин;WEB;Первый раз воспользовался, не понравилось. Оформил 11 числа, должен был забрать самовывозом 15 числа. Мало того что доставка 600 рублей за самовывоз, так еще 2 дня отдать не могли из за чего то непонятного.
2025-09-22 12:59:31.000000;Интернет-магазин;WEB;не могу уточнить срок доставки, робот не понимает
2025-09-22 22:11:09.000000;Интернет-магазин;WEB;не смог оплатить сплитом
2025-09-23 15:58:20.000000;Интернет-магазин;WEB;как сделать отбор телефонов только новых ? постоянно приходиться просматривать среди б.у., отличное состояние и как новый. требую больше уважения к клиенту...
2025-09-24 14:58:26.000000;Интернет-магазин;WEB;Не указано что входит в тариф
2025-09-26 03:22:57.000000;Интернет-магазин;WEB;Заказанный мною товар (продлен был мною срок хранения) не оказался в указанном магазине мтс(единственный экз-р) , при прибытии в магазин- сотрудник сообщил мне ,что товара нет, т.к. типа у него брак и они его отправили в опечатанном виде под пломбами обратно. На мою просьбу обьяснить, что случилось с ними, мне внятно не смогли даже обьяснить: ни в чем брак , ни почему со мной не связались на эту тему. Я специально за этим товаром приехала на другой конец города , а мне отказали в выдаче товара, ссылаясь на его отсутствие. И даже после того как я покинула магазин , мой заказ все еще висел в личном кабинете , как ожидающий получения. И отметился, после завершения рабочего дня , как наполненный. Я крайне не довольна работой Мтс shop. Есть ощущение, что данный товар ушел по своим рукам внутри самого магазина, т.к. цена была слишком заманчива! Требую объяснений.
2025-09-27 11:03:41.000000;Интернет-магазин;WEB;Пытаться что-то заказать — это как варка пельменей в электрочайнике, теоретически можно, а на практике тот ещё квест. Прка три раза, вот , заказывали кнопочные телефоны 🤪 Первый у них не включился, заказ отменили. Ещё два просто не нашлись, заказы тоже отменились. Кэшбек, кстати, сразу менеджер возвращает и звонок быстро происходит. Так что пока все при своих — телефоны в недрах МТС, а кэшбек снова на аккаунте
2025-09-27 10:59:15.000000;Интернет-магазин;WEB;Навязывание услуг связи с товаром. Не конкурентные цены.
2025-09-28 00:56:51.000000;Интернет-магазин;WEB;Всё бесполезно один хрен отказывают
2025-09-29 21:52:33.000000;Интернет-магазин;WEB;Уровень качества продаваемых товаров . Продажа товаров apple бракованое
2025-09-01 07:53:42.000000;Интернет-магазин;WEB;делал заказ,проплатил, отказали, сказали повторить, повторил, проплатил, отказали, ксазали проблемы на складе, повторите заказ, в итоге товар подорожал на 10 тысяч, купил
2025-09-01 09:45:31.000000;Интернет-магазин;WEB;Очень дорогие тарифы на мобильную связь
2025-09-29 15:03:13.000000;Интернет-магазин;WEB;Отсутствует параметр найти товар по наличию в магазине. Приходится все перебирать.
2025-09-01 19:02:00.000000;Интернет-магазин;WEB;Нет в личном кабинете отдельной кнопки по типу: мои заказы. Ну или история покупок или возвратов. А также обидно, сделав заказ, оплатив его часть кешбеком, приходит сообщение что заказ принят, потом заказ собран, смс потом что можно забрать, а по факту придя в салон, заказ оказывается не в рабочем состоянии или вообще отсутствует!!! А на парковку деньги потратил, на бензин, на дорогу время, и в пустую
2025-09-01 23:59:14.000000;Интернет-магазин;WEB;неудобные фильтры для поиска товара и цены где-то на 25% дороже других продавцов
2025-09-05 09:55:37.000000;Интернет-магазин;WEB;не фильтра товар в наличии - показывают все товары даже с пометкой нет в наличии - зачем?, нельзя выбрать пункт оплаты в салоне, оплата только он-лайн на некоторые позиции, нельзя применить промокод
2025-09-05 22:00:29.000000;Интернет-магазин;WEB;Платный самовывоз
2025-09-06 11:56:32.000000;Интернет-магазин;WEB;невыполнение условия договора с вашей стороны
2025-09-08 05:47:19.000000;Интернет-магазин;WEB;Ещё не работал с ним
2025-09-08 13:57:52.000000;Интернет-магазин;WEB;Нужные товар отсутствуют, нет возможности оформить со склада (нужный товар пишет нет в наличии, ни заказ на него оформить ни чего нельзя, но через 3 дня он снова появляется и быстро пропадает)
2025-09-10 09:00:47.000000;Интернет-магазин;WEB;Везде пишется про рассрочку 24 месяца но по факту при оформлении предлагается только на 12 и то при условии увеличения суммы заказа почти на 20%.
2025-09-10 17:57:09.000000;Интернет-магазин;WEB;Не готов давать доступ к госуслугам, а это требуется для условия доставки
2025-09-15 04:42:47.000000;Интернет-магазин;WEB;Никогда не пользовался.
2025-09-15 20:59:44.000000;Интернет-магазин;WEB;Навязывание допов в рассрочке
2025-09-17 11:19:43.000000;Интернет-магазин;WEB;Дорого
2025-09-18 05:46:22.000000;Интернет-магазин;WEB;Почему я не могу потратить бонусы на плату тарифа
2025-09-19 14:58:19.000000;Интернет-магазин;WEB;У вас регулярно выставляют на витрину бракованный товар. И это еще полбеды: сотрудники на точках НЕ ВСЕГДА отменяют вовремя такие заказы. В итоге клиент получает уведомление можно забирать, приезжает, а ему не отдают заказ (т.к. телефон в браке). Иногда попадаются ответственные сотрудники, которые заказ всё же отменяют и клиента уведомляют -- НО не всегда.
2025-09-20 16:53:21.000000;Интернет-магазин;WEB;методы вашей работы с клиентами
2025-09-21 16:57:30.000000;Интернет-магазин;WEB;впервые встречаю этот магазин
2025-09-23 04:31:29.000000;Интернет-магазин;WEB;Попался некачественный товар
2025-09-24 12:01:26.000000;Интернет-магазин;WEB;Говорят одну цену, а при покупке другая цена, и телефон перестал работать через пол года, сдал в ремонт
2025-09-24 18:05:14.000000;Интернет-магазин;WEB;Всё плохо, оформляешь доставку, товар не привозят, никто не звонит, просто статус висит собирается, чтобы заказ отменили нужно писать одно обращение, чтобы вернули деньги другое, разве не очевидно, что если я отменяют заказ, который вы не смогли доставить, то я хочу получить свои деньги назад!
2025-09-25 05:53:15.000000;Интернет-магазин;WEB;Иерархия товара отсутствует как класс: смешали отдельные продукты с категориями товара
2025-09-26 02:55:20.000000;Интернет-магазин;WEB;нельзя заказать множество товаров
2025-09-26 15:02:08.000000;Интернет-магазин;WEB;Сначала подтвердили заказ и списали деньги, потом выяснилось, что товар привезти не смогут. Товар нужно был в тотже день срочно. Потеряла время и по итогу деньги, т к пришлось покупать значительно дороже (очень дорогая доставка из другого магазина)
2025-09-26 20:59:34.000000;Интернет-магазин;WEB;Условие расрочки не понравилось, хотел на 24 месяца, а таких условий нет
2025-09-27 04:53:51.000000;Интернет-магазин;WEB;Не успел на сайт зайти, предлагаете опрос. Что рекомендовать?
2025-09-27 22:57:08.000000;Интернет-магазин;WEB;Ухудшились условия. Стала платная доставка. Кешбек можно использовать только 50 процентов. Хотел колонку купить, и 25 % цены доставка, хоть в магазин МТС, хоть домой.
2025-09-29 10:00:22.000000;Интернет-магазин;WEB;Нет в фильтре поиска бесплатной доставки или самовывоза
